Champoin Type,Team A,Team B,Team A Score,Team B Score,Match Time,day
الدوري الإسباني,إلتشي,سيلتا فيجو,0,1,19:30,01/06/2023
الدوري الإسباني,فالنسيا,قادش,0,1,22:00,01/06/2023
الدوري الإسباني,فياريال,ريال مدريد,2,1,17:15,01/07/2023
الدوري الإسباني,مايوركا,بلد الوليد,1,0,19:30,01/07/2023
الدوري الإسباني,اسبانيول,جيرونا,2,2,22:00,01/07/2023
الدوري الإسباني,الميريا,ريال سوسيداد,0,2,15:00,01/08/2023
الدوري الإسباني,رايو فاييكانو,ريال بيتيس,1,2,17:15,01/08/2023
الدوري الإسباني,اشبيلية,خيتافي,2,1,19:30,01/08/2023
الدوري الإسباني,اتلتيكو مدريد,برشلونة,0,1,22:00,01/08/2023
الدوري الإسباني,أتلتيك بلباو,أوساسونا,0,0,22:00,01/09/2023
بطولة العالم لكرة اليد,فرنسا,بولندا,26,24,22:00,01/11/2023
بطولة العالم لكرة اليد,السعودية,سلوفينيا,19,33,19:00,01/12/2023
بطولة العالم لكرة اليد,كاب فيردي,أوروجواي,33,25,19:00,01/12/2023
بطولة العالم لكرة اليد,المجر,كوريا الجنوبية,35,27,19:00,01/12/2023
بطولة العالم لكرة اليد,تشيلي,إيران,24,25,19:00,01/12/2023
بطولة العالم لكرة اليد,إسبانيا,الجبل الأسود,30,25,21:30,01/12/2023
بطولة العالم لكرة اليد,السويد,البرازيل,26,18,21:30,01/12/2023
بطولة العالم لكرة اليد,ايسلندا,البرتغال,30,26,21:30,01/12/2023
الدوري الإسباني,سيلتا فيجو,فياريال,1,1,22:00,01/13/2023
بطولة العالم لكرة اليد,الأرجنتين,هولندا,19,29,19:00,01/13/2023
بطولة العالم لكرة اليد,البحرين,تونس,27,27,19:00,01/13/2023
بطولة العالم لكرة اليد,المغرب,أمريكا,27,28,19:00,01/13/2023
بطولة العالم لكرة اليد,ألمانيا,قطر,31,27,19:00,01/13/2023
بطولة العالم لكرة اليد,صربيا,الجزائر,36,27,21:30,01/13/2023
بطولة العالم لكرة اليد,النرويج,مقدونيا,39,27,21:30,01/13/2023
بطولة العالم لكرة اليد,الدنمارك,بلجيكا,43,28,21:30,01/13/2023
بطولة العالم لكرة اليد,مصر,كرواتيا,31,22,21:30,01/13/2023
الدوري الإسباني,بلد الوليد,رايو فاييكانو,0,1,15:00,01/14/2023
الدوري الإسباني,جيرونا,اشبيلية,2,1,17:15,01/14/2023
الدوري الإسباني,أوساسونا,مايوركا,1,0,19:30,01/14/2023
الدوري الإسباني,ريال سوسيداد,أتلتيك بلباو,3,1,22:00,01/14/2023
بطولة العالم لكرة اليد,فرنسا,السعودية,41,23,19:00,01/14/2023
بطولة العالم لكرة اليد,البرازيل,أوروجواي,35,24,19:00,01/14/2023
بطولة العالم لكرة اليد,الجبل الأسود,إيران,34,31,19:00,01/14/2023
بطولة العالم لكرة اليد,البرتغال,كوريا الجنوبية,32,24,19:00,01/14/2023
بطولة العالم لكرة اليد,إسبانيا,تشيلي,34,26,21:30,01/14/2023
بطولة العالم لكرة اليد,ايسلندا,المجر,28,30,21:30,01/14/2023
بطولة العالم لكرة اليد,بولندا,سلوفينيا,23,32,21:30,01/14/2023
بطولة العالم لكرة اليد,السويد,كاب فيردي,34,27,21:30,01/14/2023
الدوري الإسباني,خيتافي,اسبانيول,1,2,15:00,01/15/2023
الدوري الإسباني,الميريا,اتلتيكو مدريد,1,1,17:15,01/15/2023
بطولة العالم لكرة اليد,ألمانيا,صربيا,34,33,19:00,01/15/2023
بطولة العالم لكرة اليد,مصر,المغرب,30,19,19:00,01/15/2023
بطولة العالم لكرة اليد,مقدونيا,هولندا,24,34,19:00,01/15/2023
بطولة العالم لكرة اليد,بلجيكا,تونس,31,29,19:00,01/15/2023
بطولة العالم لكرة اليد,النرويج,الأرجنتين,32,21,21:30,01/15/2023
بطولة العالم لكرة اليد,الدنمارك,البحرين,36,21,21:30,01/15/2023
بطولة العالم لكرة اليد,قطر,الجزائر,29,24,21:30,01/15/2023
بطولة العالم لكرة اليد,كرواتيا,أمريكا,40,22,21:30,01/15/2023
كأس مصر,الزمالك,بيراميدز,1,1,18:00,01/16/2023
الدوري الإسباني,قادش,إلتشي,1,1,22:00,01/16/2023
بطولة العالم لكرة اليد,سلوفينيا,فرنسا,31,35,19:00,01/16/2023
بطولة العالم لكرة اليد,كوريا الجنوبية,ايسلندا,25,38,19:00,01/16/2023
بطولة العالم لكرة اليد,الجبل الأسود,تشيلي,35,33,19:00,01/16/2023
بطولة العالم لكرة اليد,البرازيل,كاب فيردي,30,28,19:00,01/16/2023
بطولة العالم لكرة اليد,إيران,إسبانيا,22,35,21:30,01/16/2023
بطولة العالم لكرة اليد,أوروجواي,السويد,12,47,21:30,01/16/2023
بطولة العالم لكرة اليد,بولندا,السعودية,27,24,21:30,01/16/2023
بطولة العالم لكرة اليد,البرتغال,المجر,27,20,21:30,01/16/2023
كأس مصر,الأهلي,سموحة,3,1,18:00,01/17/2023
بطولة العالم لكرة اليد,الجزائر,ألمانيا,21,37,19:00,01/17/2023
بطولة العالم لكرة اليد,أمريكا,مصر,16,35,19:00,01/17/2023
بطولة العالم لكرة اليد,مقدونيا,الأرجنتين,26,35,19:00,01/17/2023
بطولة العالم لكرة اليد,بلجيكا,البحرين,28,30,19:00,01/17/2023
بطولة العالم لكرة اليد,هولندا,النرويج,26,27,21:30,01/17/2023
بطولة العالم لكرة اليد,تونس,الدنمارك,21,34,21:30,01/17/2023
بطولة العالم لكرة اليد,قطر,صربيا,24,34,21:30,01/17/2023
بطولة العالم لكرة اليد,كرواتيا,المغرب,36,24,21:30,01/17/2023
بطولة العالم لكرة اليد,تشيلي,السعودية,26,23,16:30,01/18/2023
بطولة العالم لكرة اليد,إيران,سلوفينيا,21,38,16:30,01/18/2023
بطولة العالم لكرة اليد,البرتغال,البرازيل,28,28,16:30,01/18/2023
بطولة العالم لكرة اليد,أوروجواي,كوريا الجنوبية,30,37,19:00,01/18/2023
بطولة العالم لكرة اليد,فرنسا,الجبل الأسود,35,24,19:00,01/18/2023
بطولة العالم لكرة اليد,كاب فيردي,ايسلندا,30,40,19:00,01/18/2023
بطولة العالم لكرة اليد,إسبانيا,بولندا,27,23,21:30,01/18/2023
بطولة العالم لكرة اليد,السويد,المجر,37,28,21:30,01/18/2023
بطولة العالم لكرة اليد,قطر,هولندا,30,32,16:30,01/19/2023
بطولة العالم لكرة اليد,أمريكا,البحرين,27,32,16:30,01/19/2023
بطولة العالم لكرة اليد,الجزائر,مقدونيا,25,40,16:30,01/19/2023
بطولة العالم لكرة اليد,مصر,بلجيكا,33,28,19:00,01/19/2023
بطولة العالم لكرة اليد,ألمانيا,الأرجنتين,39,19,19:00,01/19/2023
بطولة العالم لكرة اليد,المغرب,تونس,25,30,19:00,01/19/2023
بطولة العالم لكرة اليد,النرويج,صربيا,31,28,21:30,01/19/2023
بطولة العالم لكرة اليد,الدنمارك,كرواتيا,32,32,21:30,01/19/2023
الدوري الإسباني,مايوركا,سيلتا فيجو,1,0,22:00,01/20/2023
بطولة العالم لكرة اليد,تشيلي,أوروجواي,34,24,16:30,01/20/2023
بطولة العالم لكرة اليد,سلوفينيا,إسبانيا,26,31,16:30,01/20/2023
بطولة العالم لكرة اليد,كاب فيردي,البرتغال,23,35,16:30,01/20/2023
بطولة العالم لكرة اليد,السعودية,كوريا الجنوبية,23,34,19:00,01/20/2023
بطولة العالم لكرة اليد,إيران,فرنسا,29,41,19:00,01/20/2023
بطولة العالم لكرة اليد,البرازيل,المجر,25,28,19:00,01/20/2023
بطولة العالم لكرة اليد,الجبل الأسود,بولندا,20,27,21:30,01/20/2023
بطولة العالم لكرة اليد,ايسلندا,السويد,30,35,21:30,01/20/2023
الدوري الإسباني,رايو فاييكانو,ريال سوسيداد,0,2,15:00,01/21/2023
الدوري الإسباني,اسبانيول,ريال بيتيس,1,0,17:15,01/21/2023
الدوري الإسباني,اتلتيكو مدريد,بلد الوليد,3,0,19:30,01/21/2023
الدوري الإسباني,اشبيلية,قادش,1,0,22:00,01/21/2023
بطولة العالم لكرة اليد,البحرين,مصر,22,26,16:30,01/21/2023
بطولة العالم لكرة اليد,صربيا,الأرجنتين,28,22,16:30,01/21/2023
بطولة العالم لكرة اليد,الجزائر,المغرب,27,28,16:30,01/21/2023
بطولة العالم لكرة اليد,كرواتيا,بلجيكا,34,26,19:00,01/21/2023
بطولة العالم لكرة اليد,قطر,النرويج,17,30,19:00,01/21/2023
بطولة العالم لكرة اليد,مقدونيا,تونس,28,33,19:00,01/21/2023
بطولة العالم لكرة اليد,أمريكا,الدنمارك,26,33,21:30,01/21/2023
بطولة العالم لكرة اليد,هولندا,ألمانيا,26,33,21:30,01/21/2023
الدوري الإسباني,فياريال,جيرونا,1,0,15:00,01/22/2023
الدوري الإسباني,إلتشي,أوساسونا,1,1,17:15,01/22/2023
الدوري الإسباني,برشلونة,خيتافي,1,0,19:30,01/22/2023
الدوري الإسباني,أتلتيك بلباو,ريال مدريد,0,2,22:00,01/22/2023
بطولة العالم لكرة اليد,كوريا الجنوبية,تشيلي,26,33,14:00,01/22/2023
بطولة العالم لكرة اليد,السعودية,أوروجواي,28,27,16:30,01/22/2023
بطولة العالم لكرة اليد,الجبل الأسود,سلوفينيا,23,31,16:30,01/22/2023
بطولة العالم لكرة اليد,كاب فيردي,المجر,30,42,16:30,01/22/2023
بطولة العالم لكرة اليد,إيران,بولندا,22,26,19:00,01/22/2023
بطولة العالم لكرة اليد,البرازيل,ايسلندا,37,41,19:00,01/22/2023
بطولة العالم لكرة اليد,السويد,البرتغال,32,30,21:30,01/22/2023
بطولة العالم لكرة اليد,إسبانيا,فرنسا,26,28,22:00,01/22/2023
الدوري الإسباني,فالنسيا,الميريا,2,2,22:00,01/23/2023
بطولة العالم لكرة اليد,أمريكا,بلجيكا,24,22,16:30,01/23/2023
بطولة العالم لكرة اليد,قطر,الأرجنتين,22,26,16:30,01/23/2023
بطولة العالم لكرة اليد,تونس,الجزائر,30,25,16:30,01/23/2023
بطولة العالم لكرة اليد,كرواتيا,البحرين,43,32,19:00,01/23/2023
بطولة العالم لكرة اليد,صربيا,هولندا,32,30,19:00,01/23/2023
بطولة العالم لكرة اليد,مقدونيا,المغرب,40,25,19:00,01/23/2023
بطولة العالم لكرة اليد,مصر,الدنمارك,25,30,21:30,01/23/2023
بطولة العالم لكرة اليد,ألمانيا,النرويج,26,28,21:30,01/23/2023
بطولة العالم لكرة اليد,أوروجواي,الجزائر,33,34,14:00,01/25/2023
بطولة العالم لكرة اليد,السعودية,المغرب,32,30,16:30,01/25/2023
بطولة العالم لكرة اليد,النرويج,إسبانيا,34,35,19:00,01/25/2023
بطولة العالم لكرة اليد,الدنمارك,المجر,40,23,19:00,01/25/2023
بطولة العالم لكرة اليد,كوريا الجنوبية,مقدونيا,33,36,19:00,01/25/2023
بطولة العالم لكرة اليد,السويد,مصر,26,22,21:30,01/25/2023
بطولة العالم لكرة اليد,تشيلي,تونس,26,38,21:30,01/25/2023
بطولة العالم لكرة اليد,فرنسا,ألمانيا,35,28,21:50,01/25/2023
الدوري الإسباني,الميريا,اسبانيول,3,1,22:00,01/27/2023
بطولة العالم لكرة اليد,ألمانيا,مصر,35,34,16:30,01/27/2023
بطولة العالم لكرة اليد,إسبانيا,الدنمارك,23,26,19:00,01/27/2023
بطولة العالم لكرة اليد,النرويج,المجر,33,25,19:00,01/27/2023
بطولة العالم لكرة اليد,فرنسا,السويد,31,26,22:00,01/27/2023
الدوري الإسباني,قادش,مايوركا,2,0,15:00,01/28/2023
الدوري الإسباني,جيرونا,برشلونة,0,1,17:15,01/28/2023
الدوري الإسباني,اشبيلية,إلتشي,3,0,19:30,01/28/2023
الدوري الإسباني,خيتافي,ريال بيتيس,0,1,22:00,01/28/2023
الدوري الإسباني,بلد الوليد,فالنسيا,1,0,15:00,01/29/2023
الدوري الإسباني,أوساسونا,اتلتيكو مدريد,0,1,17:15,01/29/2023
الدوري الإسباني,سيلتا فيجو,أتلتيك بلباو,1,0,19:30,01/29/2023
الدوري الإسباني,ريال مدريد,ريال سوسيداد,0,0,22:00,01/29/2023
بطولة العالم لكرة اليد,ألمانيا,النرويج,28,24,14:00,01/29/2023
بطولة العالم لكرة اليد,مصر,المجر,36,35,16:30,01/29/2023
بطولة العالم لكرة اليد,إسبانيا,السويد,39,36,19:00,01/29/2023
بطولة العالم لكرة اليد,الدنمارك,فرنسا,34,29,22:00,01/29/2023
الدوري الإسباني,فياريال,رايو فاييكانو,0,1,22:00,01/30/2023
الدوري الإسباني,ريال بيتيس,برشلونة,1,2,22:00,02/01/2023
الدوري الإسباني,ريال مدريد,فالنسيا,2,0,22:00,02/02/2023
الدوري الإسباني,أتلتيك بلباو,قادش,4,1,22:00,02/03/2023
مباريات ودية - منتخبات,مصر,الجابون الأولمبي,3,0,18:00,02/03/2023
الدوري الإسباني,اسبانيول,أوساسونا,1,1,15:00,02/04/2023
الدوري الإسباني,إلتشي,فياريال,3,1,17:15,02/04/2023
الدوري الإسباني,اتلتيكو مدريد,خيتافي,1,1,19:30,02/04/2023
الدوري الإسباني,ريال بيتيس,سيلتا فيجو,3,4,22:00,02/04/2023
الدوري الإسباني,مايوركا,ريال مدريد,1,0,15:00,02/05/2023
الدوري الإسباني,جيرونا,فالنسيا,1,0,17:15,02/05/2023
الدوري الإسباني,ريال سوسيداد,بلد الوليد,0,1,19:30,02/05/2023
الدوري الإسباني,برشلونة,اشبيلية,3,0,22:00,02/05/2023
الدوري الإسباني,رايو فاييكانو,الميريا,2,0,22:00,02/06/2023
الدوري الإسباني,قادش,جيرونا,2,0,22:00,02/10/2023
دوري أبطال أفريقيا,الزمالك,شباب بلوزداد,0,1,18:00,02/10/2023
دوري أبطال أفريقيا,الرجاء البيضاوي,فايبرز,5,0,21:00,02/10/2023
الدوري الإسباني,الميريا,ريال بيتيس,2,3,17:15,02/11/2023
الدوري الإسباني,اشبيلية,مايوركا,2,0,19:30,02/11/2023
الدوري الإسباني,فالنسيا,أتلتيك بلباو,1,2,22:00,02/11/2023
دوري أبطال أفريقيا,ماميلودي صنداونز,الهلال السوداني,1,0,15:00,02/11/2023
دوري أبطال أفريقيا,بترو أتليتكو,شبيبة القبائل,0,0,15:00,02/11/2023
دوري أبطال أفريقيا,الترجى الرياضي,المريخ,1,0,18:00,02/11/2023
دوري أبطال أفريقيا,حوريا كوناكري,سيمبا,1,0,18:00,02/11/2023
الدوري الإسباني,خيتافي,رايو فاييكانو,1,1,15:00,02/12/2023
الدوري الإسباني,سيلتا فيجو,اتلتيكو مدريد,0,1,17:15,02/12/2023
الدوري الإسباني,بلد الوليد,أوساسونا,0,0,19:30,02/12/2023
الدوري الإسباني,فياريال,برشلونة,0,1,22:00,02/12/2023
الكونفيدرالية الأفريقية,مارومو جالانتس,الأخضر,4,1,15:00,02/12/2023
الكونفيدرالية الأفريقية,مازيمبي,ريال باماكو,3,1,15:00,02/12/2023
الكونفيدرالية الأفريقية,أسيك أبيدجـــــان,موتيما بمبي,0,0,18:00,02/12/2023
الكونفيدرالية الأفريقية,ديابل نوار,ريفرز يونايتد,3,0,18:00,02/12/2023
الكونفيدرالية الأفريقية,اسكو كارا,مودرن سبورت,0,3,18:00,02/12/2023
الكونفيدرالية الأفريقية,الإتحاد المنستيري,يانج افريكانز,2,0,18:00,02/12/2023
الكونفيدرالية الأفريقية,بيراميدز,الجيش الملكي,2,2,21:00,02/12/2023
الكونفيدرالية الأفريقية,اتحاد العاصمة,سانت إيلوا لوبوبو,3,0,21:00,02/12/2023
الدوري الإسباني,اسبانيول,ريال سوسيداد,2,3,22:00,02/13/2023
دوري أبطال أوروبا,ميلان,توتنهام هوتسبر,1,0,22:00,02/14/2023
دوري أبطال أوروبا,باريس سان جيرمان,بايرن ميونيخ,0,1,22:00,02/14/2023
الدوري الإسباني,ريال مدريد,إلتشي,4,0,22:00,02/15/2023
دوري أبطال أوروبا,كلوب بروج,بنفيكا,0,2,22:00,02/15/2023
دوري أبطال أوروبا,بروسيا دورتموند,تشيلسي,1,0,22:00,02/15/2023
الدوري الأوروبي,برشلونة,مانشستر يونايتد,2,2,19:45,02/16/2023
الدوري الأوروبي,ريد بول سالزبورج,روما,1,0,19:45,02/16/2023
الدوري الأوروبي,شاختار دونيتسك,رين,2,1,19:45,02/16/2023
الدوري الأوروبي,أياكس امستردام,يونيون برلين,0,0,19:45,02/16/2023
الدوري الأوروبي,يوفنتوس,نانت,1,1,22:00,02/16/2023
الدوري الأوروبي,باير ليفركوزن,موناكو,2,3,22:00,02/16/2023
الدوري الأوروبي,اشبيلية,إيندهوفن,3,0,22:00,02/16/2023
الدوري الأوروبي,سبورتينج لشبونة,ميتييلاند,1,1,22:00,02/16/2023
دوري المؤتمر الأوروبي,جليمت,ليخ بوزنان,0,0,19:45,02/16/2023
دوري المؤتمر الأوروبي,سبورتينج براجا,فيورنتينا,0,4,19:45,02/16/2023
دوري المؤتمر الأوروبي,كاراباج اجدام,جينت,1,0,19:45,02/16/2023
دوري المؤتمر الأوروبي,طرابزون سبور,بازل,1,0,19:45,02/16/2023
دوري المؤتمر الأوروبي,آيك لارانكا,دنيبرو-1,1,0,22:00,02/16/2023
دوري المؤتمر الأوروبي,لاتسيو,كلوج,1,0,22:00,02/16/2023
دوري المؤتمر الأوروبي,لودوجوريتس,أندرلخت,1,0,22:00,02/16/2023
دوري المؤتمر الأوروبي,شيريف تيراسبول,بارتيزان,0,1,22:00,02/16/2023
الدوري الإسباني,جيرونا,الميريا,6,2,22:00,02/17/2023
دوري أبطال أفريقيا,المريخ,الزمالك,0,0,15:00,02/17/2023
دوري أبطال أفريقيا,القطن الكاميروني,ماميلودي صنداونز,1,3,18:00,02/17/2023
دوري أبطال أفريقيا,شبيبة القبائل,الوداد البيضاوي,1,0,21:00,02/17/2023
الدوري الإسباني,ريال سوسيداد,سيلتا فيجو,1,1,15:00,02/18/2023
الدوري الإسباني,ريال بيتيس,بلد الوليد,2,1,17:15,02/18/2023
الدوري الإسباني,مايوركا,فياريال,4,2,19:30,02/18/2023
الدوري الإسباني,أوساسونا,ريال مدريد,0,2,22:00,02/18/2023
دوري أبطال أفريقيا,الهلال السوداني,الأهلي,1,0,15:00,02/18/2023
دوري أبطال أفريقيا,فايبرز,حوريا كوناكري,0,0,15:00,02/18/2023
دوري أبطال أفريقيا,فيتا كلوب,بترو أتليتكو,1,2,18:00,02/18/2023
دوري أبطال أفريقيا,سيمبا,الرجاء البيضاوي,0,3,18:00,02/18/2023
دوري أبطال أفريقيا,شباب بلوزداد,الترجى الرياضي,0,1,21:00,02/18/2023
دوري أبطال آسيا للنخبة,الدحيل,الريان,1,1,17:00,02/19/2023
دوري أبطال آسيا للنخبة,الشباب,ناساف كارشي,2,0,20:00,02/19/2023
الدوري الإسباني,إلتشي,اسبانيول,0,1,15:00,02/19/2023
الدوري الإسباني,رايو فاييكانو,اشبيلية,1,1,17:15,02/19/2023
الدوري الإسباني,اتلتيكو مدريد,أتلتيك بلباو,1,0,19:30,02/19/2023
الدوري الإسباني,برشلونة,قادش,2,0,22:00,02/19/2023
الكونفيدرالية الأفريقية,سانت إيلوا لوبوبو,مارومو جالانتس,1,2,15:00,02/19/2023
الكونفيدرالية الأفريقية,الأخضر,اتحاد العاصمة,1,1,18:00,02/19/2023
الكونفيدرالية الأفريقية,مودرن سبورت,بيراميدز,1,1,18:00,02/19/2023
الكونفيدرالية الأفريقية,ريال باماكو,الإتحاد المنستيري,1,1,18:00,02/19/2023
الكونفيدرالية الأفريقية,ريفرز يونايتد,أسيك أبيدجـــــان,3,0,18:00,02/19/2023
الكونفيدرالية الأفريقية,يانج افريكانز,مازيمبي,3,1,18:00,02/19/2023
الكونفيدرالية الأفريقية,الجيش الملكي,اسكو كارا,5,1,21:00,02/19/2023
الكونفيدرالية الأفريقية,موتيما بمبي,ديابل نوار,0,0,21:00,02/19/2023
دوري أبطال آسيا للنخبة,الفيصلي,فولاد خازيستان,0,1,17:00,02/20/2023
دوري أبطال آسيا للنخبة,الهلال,شباب الأهلي,3,1,20:00,02/20/2023
الدوري الإسباني,خيتافي,فالنسيا,1,0,22:00,02/20/2023
دوري أبطال أوروبا,آ. فرانكفورت,نابولي,0,2,22:00,02/21/2023
دوري أبطال أوروبا,ليفربول,ريال مدريد,2,5,22:00,02/21/2023
دوري أبطال أوروبا,إنتر ميلان,بورتو,1,0,22:00,02/22/2023
دوري أبطال أوروبا,لايبزيج,مانشستر سيتي,1,1,22:00,02/22/2023
دوري أبطال آسيا للنخبة,الدحيل,الشباب,2,1,17:00,02/23/2023
دوري أبطال آسيا للنخبة,فولاد خازيستان,الهلال,0,1,20:00,02/23/2023
الدوري الأوروبي,ميتييلاند,سبورتينج لشبونة,0,4,19:45,02/23/2023
الدوري الأوروبي,نانت,يوفنتوس,0,3,19:45,02/23/2023
الدوري الأوروبي,إيندهوفن,اشبيلية,2,0,19:45,02/23/2023
الدوري الأوروبي,موناكو,باير ليفركوزن,2,3,19:45,02/23/2023
الدوري الأوروبي,يونيون برلين,أياكس امستردام,3,1,22:00,02/23/2023
الدوري الأوروبي,رين,شاختار دونيتسك,2,1,22:00,02/23/2023
الدوري الأوروبي,روما,ريد بول سالزبورج,2,0,22:00,02/23/2023
الدوري الأوروبي,مانشستر يونايتد,برشلونة,2,1,22:00,02/23/2023
دوري المؤتمر الأوروبي,أندرلخت,لودوجوريتس,2,1,19:45,02/23/2023
دوري المؤتمر الأوروبي,كلوج,لاتسيو,0,0,19:45,02/23/2023
دوري المؤتمر الأوروبي,دنيبرو-1,آيك لارانكا,0,0,19:45,02/23/2023
دوري المؤتمر الأوروبي,بارتيزان,شيريف تيراسبول,1,3,19:45,02/23/2023
دوري المؤتمر الأوروبي,فيورنتينا,سبورتينج براجا,3,2,22:00,02/23/2023
دوري المؤتمر الأوروبي,جينت,كاراباج اجدام,1,0,22:00,02/23/2023
دوري المؤتمر الأوروبي,ليخ بوزنان,جليمت,1,0,22:00,02/23/2023
دوري المؤتمر الأوروبي,بازل,طرابزون سبور,2,0,22:00,02/23/2023
الدوري الإسباني,إلتشي,ريال بيتيس,2,3,22:00,02/24/2023
دوري أبطال أفريقيا,المريخ,شباب بلوزداد,1,0,15:00,02/24/2023
دوري أبطال أفريقيا,القطن الكاميروني,الهلال السوداني,1,2,18:00,02/24/2023
دوري أبطال أفريقيا,الوداد البيضاوي,بترو أتليتكو,1,0,21:00,02/24/2023
الدوري الإسباني,اسبانيول,مايوركا,2,1,15:00,02/25/2023
الدوري الإسباني,قادش,رايو فاييكانو,1,0,17:15,02/25/2023
الدوري الإسباني,ريال مدريد,اتلتيكو مدريد,1,1,19:30,02/25/2023
الدوري الإسباني,فالنسيا,ريال سوسيداد,1,0,22:00,02/25/2023
دوري أبطال أفريقيا,فيتا كلوب,شبيبة القبائل,1,0,15:00,02/25/2023
دوري أبطال أفريقيا,الترجى الرياضي,الزمالك,2,0,18:00,02/25/2023
دوري أبطال أفريقيا,فايبرز,سيمبا,0,1,18:00,02/25/2023
دوري أبطال أفريقيا,الرجاء البيضاوي,حوريا كوناكري,2,0,21:00,02/25/2023
دوري أبطال أفريقيا,الأهلي,ماميلودي صنداونز,2,2,21:00,02/25/2023
دوري أبطال آسيا للنخبة,الدحيل,الهلال,0,7,17:00,02/26/2023
الدوري الإسباني,أتلتيك بلباو,جيرونا,2,3,15:00,02/26/2023
الدوري الإسباني,سيلتا فيجو,بلد الوليد,3,0,17:15,02/26/2023
الدوري الإسباني,الميريا,برشلونة,1,0,19:30,02/26/2023
الدوري الإسباني,اشبيلية,أوساسونا,2,3,22:00,02/26/2023
الكونفيدرالية الأفريقية,مازيمبي,الإتحاد المنستيري,0,2,15:00,02/26/2023
الكونفيدرالية الأفريقية,سانت إيلوا لوبوبو,الأخضر,1,0,15:00,02/26/2023
الكونفيدرالية الأفريقية,أسيك أبيدجـــــان,ديابل نوار,2,0,18:00,02/26/2023
الكونفيدرالية الأفريقية,بيراميدز,اسكو كارا,1,0,18:00,02/26/2023
الكونفيدرالية الأفريقية,ريال باماكو,يانج افريكانز,1,1,18:00,02/26/2023
الكونفيدرالية الأفريقية,الجيش الملكي,مودرن سبورت,2,0,21:00,02/26/2023
الكونفيدرالية الأفريقية,موتيما بمبي,ريفرز يونايتد,0,1,21:00,02/26/2023
الكونفيدرالية الأفريقية,اتحاد العاصمة,مارومو جالانتس,2,0,21:00,02/26/2023
الدوري الإسباني,فياريال,خيتافي,2,1,22:00,02/27/2023
الدوري الإسباني,ريال سوسيداد,قادش,0,0,22:00,03/03/2023
دوري أبطال أفريقيا,الوداد البيضاوي,فيتا كلوب,1,0,21:00,03/03/2023
الدوري الإسباني,خيتافي,جيرونا,3,2,15:00,03/04/2023
الدوري الإسباني,الميريا,فياريال,0,2,17:15,03/04/2023
الدوري الإسباني,مايوركا,إلتشي,0,1,19:30,03/04/2023
الدوري الإسباني,اتلتيكو مدريد,اشبيلية,6,1,22:00,03/04/2023
دوري أبطال أفريقيا,الأهلي,القطن الكاميروني,3,0,18:00,03/04/2023
الدوري الإسباني,بلد الوليد,اسبانيول,2,1,15:00,03/05/2023
الدوري الإسباني,برشلونة,فالنسيا,1,0,17:15,03/05/2023
الدوري الإسباني,رايو فاييكانو,أتلتيك بلباو,0,0,19:30,03/05/2023
الدوري الإسباني,ريال بيتيس,ريال مدريد,0,0,22:00,03/05/2023
الدوري الإسباني,أوساسونا,سيلتا فيجو,0,0,22:00,03/06/2023
دوري أبطال أوروبا,بنفيكا,كلوب بروج,5,1,22:00,03/07/2023
دوري أبطال أوروبا,تشيلسي,بروسيا دورتموند,2,0,22:10,03/07/2023
دوري أبطال أفريقيا,الهلال السوداني,القطن الكاميروني,2,0,15:00,03/07/2023
دوري أبطال أفريقيا,سيمبا,فايبرز,1,0,18:00,03/07/2023
دوري أبطال أفريقيا,حوريا كوناكري,الرجاء البيضاوي,1,3,18:00,03/07/2023
دوري أبطال أفريقيا,شباب بلوزداد,المريخ,1,0,21:00,03/07/2023
دوري أبطال أفريقيا,الزمالك,الترجى الرياضي,3,1,21:00,03/07/2023
دوري المؤتمر الأوروبي,لاتسيو,الكمار,1,2,19:45,03/07/2023
الكونفيدرالية الأفريقية,مارومو جالانتس,اتحاد العاصمة,2,0,15:00,03/08/2023
الكونفيدرالية الأفريقية,الإتحاد المنستيري,مازيمبي,1,0,15:00,03/08/2023
الكونفيدرالية الأفريقية,الأخضر,سانت إيلوا لوبوبو,1,1,18:00,03/08/2023
الكونفيدرالية الأفريقية,اسكو كارا,بيراميدز,1,4,18:00,03/08/2023
الكونفيدرالية الأفريقية,يانج افريكانز,ريال باماكو,2,0,18:00,03/08/2023
الكونفيدرالية الأفريقية,ديابل نوار,أسيك أبيدجـــــان,0,1,21:00,03/08/2023
الكونفيدرالية الأفريقية,مودرن سبورت,الجيش الملكي,0,3,21:00,03/08/2023
دوري أبطال أوروبا,بايرن ميونيخ,باريس سان جيرمان,2,0,22:00,03/08/2023
دوري أبطال أوروبا,توتنهام هوتسبر,ميلان,0,0,22:10,03/08/2023
الكونفيدرالية الأفريقية,ريفرز يونايتد,موتيما بمبي,3,1,15:00,03/09/2023
الدوري الأوروبي,يونيون برلين,سان جيلواز,3,3,19:45,03/09/2023
الدوري الأوروبي,باير ليفركوزن,فيرينكفاروسي,2,0,19:45,03/09/2023
الدوري الأوروبي,سبورتينج لشبونة,أرسنال,2,2,19:45,03/09/2023
الدوري الأوروبي,روما,ريال سوسيداد,2,0,19:45,03/09/2023
الدوري الأوروبي,يوفنتوس,فرايبورج,1,0,22:00,03/09/2023
الدوري الأوروبي,اشبيلية,فنربخشة,2,0,22:00,03/09/2023
الدوري الأوروبي,مانشستر يونايتد,ريال بيتيس,4,1,22:00,03/09/2023
الدوري الأوروبي,شاختار دونيتسك,فينورد,1,1,22:00,03/09/2023
دوري المؤتمر الأوروبي,آيك لارانكا,وست هام يونايتد,0,2,19:45,03/09/2023
دوري المؤتمر الأوروبي,أندرلخت,فياريال,1,1,19:45,03/09/2023
دوري المؤتمر الأوروبي,شيريف تيراسبول,نيس,0,1,19:45,03/09/2023
دوري المؤتمر الأوروبي,بازل,سلوفان براتيسلافا,2,2,22:00,03/09/2023
دوري المؤتمر الأوروبي,ليخ بوزنان,يورجوردينس,2,0,22:00,03/09/2023
دوري المؤتمر الأوروبي,فيورنتينا,سيفاسبور,1,0,22:00,03/09/2023
دوري المؤتمر الأوروبي,جينت,إسطنبول باشاكشهير,1,1,22:00,03/09/2023
الدوري الإسباني,قادش,خيتافي,2,2,22:00,03/10/2023
الدوري الإسباني,ريال مدريد,اسبانيول,3,1,15:00,03/11/2023
الدوري الإسباني,إلتشي,بلد الوليد,1,1,17:15,03/11/2023
الدوري الإسباني,سيلتا فيجو,رايو فاييكانو,3,0,19:30,03/11/2023
الدوري الإسباني,فالنسيا,أوساسونا,1,0,22:00,03/11/2023
دوري أبطال أفريقيا,ماميلودي صنداونز,الأهلي,5,2,15:00,03/11/2023
دوري أبطال أفريقيا,بترو أتليتكو,الوداد البيضاوي,0,2,18:00,03/11/2023
دوري أبطال أفريقيا,شبيبة القبائل,فيتا كلوب,2,1,21:00,03/11/2023
الدوري الأفريقي لكرة السلة,إيه إس دوانّ,أبيدجان,70,76,18:00,03/11/2023
الدوري الإسباني,مايوركا,ريال سوسيداد,1,1,15:00,03/12/2023
الدوري الإسباني,اشبيلية,الميريا,2,1,17:15,03/12/2023
الدوري الإسباني,فياريال,ريال بيتيس,1,1,19:30,03/12/2023
الدوري الإسباني,أتلتيك بلباو,برشلونة,0,1,22:00,03/12/2023
الدوري الأفريقي لكرة السلة,ريج الرواندي,كوارا فالكونز,64,48,16:00,03/12/2023
الدوري الأفريقي لكرة السلة,ستاد مالي,الإتحاد الرياضي المنستيري,68,78,19:30,03/12/2023
الدوري الإسباني,جيرونا,اتلتيكو مدريد,0,1,22:00,03/13/2023
دوري أبطال أوروبا,مانشستر سيتي,لايبزيج,7,0,22:00,03/14/2023
دوري أبطال أوروبا,بورتو,إنتر ميلان,0,0,22:00,03/14/2023
الدوري الأفريقي لكرة السلة,كوارا فالكونز,ستاد مالي,74,78,18:00,03/14/2023
الدوري الأفريقي لكرة السلة,أبيدجان,ريج الرواندي,73,80,21:30,03/14/2023
دوري أبطال أوروبا,نابولي,آ. فرانكفورت,3,0,22:00,03/15/2023
دوري أبطال أوروبا,ريال مدريد,ليفربول,1,0,22:00,03/15/2023
دوري المؤتمر الأوروبي,إسطنبول باشاكشهير,جينت,1,4,19:00,03/15/2023
الدوري الأفريقي لكرة السلة,الإتحاد الرياضي المنستيري,كوارا فالكونز,85,75,18:00,03/15/2023
الدوري الأفريقي لكرة السلة,ريج الرواندي,إيه إس دوانّ,69,55,21:30,03/15/2023
الدوري الأوروبي,فينورد,شاختار دونيتسك,7,1,19:45,03/16/2023
الدوري الأوروبي,ريال بيتيس,مانشستر يونايتد,0,1,19:45,03/16/2023
الدوري الأوروبي,فنربخشة,اشبيلية,1,0,19:45,03/16/2023
الدوري الأوروبي,فرايبورج,يوفنتوس,0,2,19:45,03/16/2023
الدوري الأوروبي,ريال سوسيداد,روما,0,0,22:00,03/16/2023
الدوري الأوروبي,أرسنال,سبورتينج لشبونة,1,1,22:00,03/16/2023
الدوري الأوروبي,فيرينكفاروسي,باير ليفركوزن,0,2,22:00,03/16/2023
الدوري الأوروبي,سان جيلواز,يونيون برلين,3,0,22:00,03/16/2023
دوري المؤتمر الأوروبي,سيفاسبور,فيورنتينا,1,4,19:45,03/16/2023
دوري المؤتمر الأوروبي,يورجوردينس,ليخ بوزنان,0,3,19:45,03/16/2023
دوري المؤتمر الأوروبي,سلوفان براتيسلافا,بازل,2,2,19:45,03/16/2023
دوري المؤتمر الأوروبي,نيس,شيريف تيراسبول,3,1,22:00,03/16/2023
دوري المؤتمر الأوروبي,فياريال,أندرلخت,0,1,22:00,03/16/2023
دوري المؤتمر الأوروبي,وست هام يونايتد,آيك لارانكا,4,0,22:00,03/16/2023
دوري المؤتمر الأوروبي,الكمار,لاتسيو,2,1,22:00,03/16/2023
الدوري الإسباني,بلد الوليد,أتلتيك بلباو,1,3,22:00,03/17/2023
دوري أبطال أفريقيا,المريخ,الترجى الرياضي,1,1,15:00,03/17/2023
دوري أبطال أفريقيا,القطن الكاميروني,الأهلي,0,4,18:00,03/17/2023
دوري أبطال أفريقيا,شباب بلوزداد,الزمالك,2,0,21:00,03/17/2023
الدوري الأفريقي لكرة السلة,أبيدجان,الإتحاد الرياضي المنستيري,90,74,18:00,03/17/2023
الدوري الأفريقي لكرة السلة,إيه إس دوانّ,ستاد مالي,74,58,21:30,03/17/2023
الدوري الإسباني,الميريا,قادش,1,1,15:00,03/18/2023
الدوري الإسباني,رايو فاييكانو,جيرونا,2,2,17:15,03/18/2023
الدوري الإسباني,اسبانيول,سيلتا فيجو,1,3,19:30,03/18/2023
الدوري الإسباني,اتلتيكو مدريد,فالنسيا,3,0,22:00,03/18/2023
دوري أبطال أفريقيا,فيتا كلوب,الوداد البيضاوي,0,0,15:00,03/18/2023
دوري أبطال أفريقيا,الهلال السوداني,ماميلودي صنداونز,1,1,15:00,03/18/2023
دوري أبطال أفريقيا,فايبرز,الرجاء البيضاوي,1,1,18:00,03/18/2023
دوري أبطال أفريقيا,سيمبا,حوريا كوناكري,7,0,18:00,03/18/2023
دوري أبطال أفريقيا,شبيبة القبائل,بترو أتليتكو,1,0,21:00,03/18/2023
الدوري الأفريقي لكرة السلة,ستاد مالي,ريج الرواندي,84,64,16:00,03/18/2023
الدوري الأفريقي لكرة السلة,كوارا فالكونز,إيه إس دوانّ,68,75,19:30,03/18/2023
مباريات ودية - منتخبات,مصر,السودان الأولمبي,1,0,18:00,03/18/2023
الدوري الإسباني,ريال بيتيس,مايوركا,1,0,15:00,03/19/2023
الدوري الإسباني,أوساسونا,فياريال,0,3,17:15,03/19/2023
الدوري الإسباني,ريال سوسيداد,إلتشي,2,0,17:15,03/19/2023
الدوري الإسباني,خيتافي,اشبيلية,2,0,19:30,03/19/2023
الدوري الإسباني,برشلونة,ريال مدريد,2,1,22:00,03/19/2023
الكونفيدرالية الأفريقية,سانت إيلوا لوبوبو,اتحاد العاصمة,1,1,15:00,03/19/2023
الكونفيدرالية الأفريقية,ريفرز يونايتد,ديابل نوار,2,2,18:00,03/19/2023
الكونفيدرالية الأفريقية,مودرن سبورت,اسكو كارا,0,3,18:00,03/19/2023
الكونفيدرالية الأفريقية,ريال باماكو,مازيمبي,2,1,18:00,03/19/2023
الكونفيدرالية الأفريقية,يانج افريكانز,الإتحاد المنستيري,2,0,18:00,03/19/2023
الكونفيدرالية الأفريقية,الأخضر,مارومو جالانتس,4,1,19:00,03/19/2023
الكونفيدرالية الأفريقية,موتيما بمبي,أسيك أبيدجـــــان,1,2,21:00,03/19/2023
الكونفيدرالية الأفريقية,الجيش الملكي,بيراميدز,1,0,21:00,03/19/2023
الدوري الأفريقي لكرة السلة,كوارا فالكونز,أبيدجان,76,79,18:00,03/20/2023
الدوري الأفريقي لكرة السلة,ريج الرواندي,الإتحاد الرياضي المنستيري,79,84,21:30,03/20/2023
الدوري الأفريقي لكرة السلة,ستاد مالي,أبيدجان,90,71,18:00,03/21/2023
الدوري الأفريقي لكرة السلة,الإتحاد الرياضي المنستيري,إيه إس دوانّ,60,76,21:30,03/21/2023
مباريات ودية - منتخبات,الأرجنتين,بنما,2,0,01:30,03/24/2023
مباريات ودية - منتخبات,السعودية,فنزويلا,1,2,21:00,03/24/2023
مباريات ودية - منتخبات,ألمانيا,بيرو,2,0,21:45,03/25/2023
مباريات ودية - منتخبات,المغرب,البرازيل,2,1,00:00,03/26/2023
مباريات ودية - منتخبات,ألمانيا,بلجيكا,2,3,20:45,03/28/2023
مباريات ودية - منتخبات,بوليفيا,السعودية,2,1,21:00,03/28/2023
مباريات ودية - منتخبات,المغرب,بيرو,0,0,21:30,03/28/2023
الدوري الإسباني,مايوركا,أوساسونا,0,0,21:00,03/31/2023
دوري أبطال أفريقيا,حوريا كوناكري,فايبرز,2,0,18:00,03/31/2023
دوري أبطال أفريقيا,الزمالك,المريخ,4,3,21:00,03/31/2023
دوري أبطال أفريقيا,الرجاء البيضاوي,سيمبا,3,1,23:59,03/31/2023
الدوري الإسباني,جيرونا,اسبانيول,2,1,14:00,04/01/2023
الدوري الإسباني,أتلتيك بلباو,خيتافي,0,0,16:15,04/01/2023
الدوري الإسباني,قادش,اشبيلية,0,2,18:30,04/01/2023
الدوري الإسباني,إلتشي,برشلونة,0,4,21:00,04/01/2023
دوري أبطال أفريقيا,بترو أتليتكو,فيتا كلوب,1,0,18:00,04/01/2023
دوري أبطال أفريقيا,الأهلي,الهلال السوداني,3,0,21:00,04/01/2023
دوري أبطال أفريقيا,ماميلودي صنداونز,القطن الكاميروني,2,1,21:00,04/01/2023
دوري أبطال أفريقيا,الوداد البيضاوي,شبيبة القبائل,3,0,23:59,04/01/2023
دوري أبطال أفريقيا,الترجى الرياضي,شباب بلوزداد,0,0,23:59,04/01/2023
الدوري الإسباني,سيلتا فيجو,الميريا,2,2,14:00,04/02/2023
الدوري الإسباني,ريال مدريد,بلد الوليد,6,0,16:15,04/02/2023
الدوري الإسباني,فياريال,ريال سوسيداد,2,0,18:30,04/02/2023
الدوري الإسباني,اتلتيكو مدريد,ريال بيتيس,1,0,21:00,04/02/2023
الكونفيدرالية الأفريقية,مازيمبي,يانج افريكانز,0,1,15:00,04/02/2023
الكونفيدرالية الأفريقية,أسيك أبيدجـــــان,ريفرز يونايتد,1,0,18:00,04/02/2023
الكونفيدرالية الأفريقية,ديابل نوار,موتيما بمبي,0,0,18:00,04/02/2023
الكونفيدرالية الأفريقية,اتحاد العاصمة,الأخضر,4,1,22:00,04/02/2023
الكونفيدرالية الأفريقية,مارومو جالانتس,سانت إيلوا لوبوبو,3,2,22:00,04/02/2023
الكونفيدرالية الأفريقية,بيراميدز,مودرن سبورت,2,1,22:00,04/02/2023
الكونفيدرالية الأفريقية,اسكو كارا,الجيش الملكي,1,1,22:00,04/02/2023
الكونفيدرالية الأفريقية,الإتحاد المنستيري,ريال باماكو,2,1,22:00,04/02/2023
الدوري الإسباني,فالنسيا,رايو فاييكانو,1,1,21:00,04/03/2023
الدوري الإسباني,اشبيلية,سيلتا فيجو,2,2,21:00,04/07/2023
الدوري الإسباني,أوساسونا,إلتشي,2,1,14:00,04/08/2023
الدوري الإسباني,اسبانيول,أتلتيك بلباو,1,2,16:15,04/08/2023
الدوري الإسباني,ريال سوسيداد,خيتافي,2,0,18:30,04/08/2023
الدوري الإسباني,ريال مدريد,فياريال,2,3,21:00,04/08/2023
الدوري الإسباني,بلد الوليد,مايوركا,3,3,14:00,04/09/2023
الدوري الإسباني,ريال بيتيس,قادش,0,2,16:15,04/09/2023
الدوري الإسباني,الميريا,فالنسيا,2,1,18:30,04/09/2023
الدوري الإسباني,رايو فاييكانو,اتلتيكو مدريد,1,2,21:00,04/09/2023
كأس مصر,بيراميدز,الأهلي,1,2,21:15,04/10/2023
الدوري الإسباني,برشلونة,جيرونا,0,0,21:00,04/10/2023
دوري أبطال أوروبا,بنفيكا,إنتر ميلان,0,2,21:00,04/11/2023
دوري أبطال أوروبا,مانشستر سيتي,بايرن ميونيخ,3,0,21:00,04/11/2023
دوري أبطال أوروبا,ريال مدريد,تشيلسي,2,0,21:00,04/12/2023
دوري أبطال أوروبا,ميلان,نابولي,1,0,21:00,04/12/2023
الدوري الأوروبي,فينورد,روما,1,0,18:45,04/13/2023
الدوري الأوروبي,باير ليفركوزن,سان جيلواز,1,1,21:00,04/13/2023
الدوري الأوروبي,يوفنتوس,سبورتينج لشبونة,1,0,21:00,04/13/2023
الدوري الأوروبي,مانشستر يونايتد,اشبيلية,2,2,21:00,04/13/2023
دوري المؤتمر الأوروبي,جينت,وست هام يونايتد,1,1,18:45,04/13/2023
دوري المؤتمر الأوروبي,ليخ بوزنان,فيورنتينا,1,4,21:00,04/13/2023
دوري المؤتمر الأوروبي,أندرلخت,الكمار,2,0,21:00,04/13/2023
دوري المؤتمر الأوروبي,بازل,نيس,2,2,21:00,04/13/2023
الدوري الإسباني,رايو فاييكانو,أوساسونا,2,1,21:00,04/14/2023
الدوري الإسباني,فياريال,بلد الوليد,1,2,14:00,04/15/2023
الدوري الإسباني,أتلتيك بلباو,ريال سوسيداد,2,0,16:15,04/15/2023
الدوري الإسباني,ريال بيتيس,اسبانيول,3,1,18:30,04/15/2023
الدوري الإسباني,قادش,ريال مدريد,0,2,21:00,04/15/2023
الدوري الإسباني,جيرونا,إلتشي,2,0,14:00,04/16/2023
الدوري الإسباني,خيتافي,برشلونة,0,0,16:15,04/16/2023
الدوري الإسباني,اتلتيكو مدريد,الميريا,2,1,18:30,04/16/2023
الدوري الإسباني,فالنسيا,اشبيلية,0,2,21:00,04/16/2023
الدوري الإسباني,سيلتا فيجو,مايوركا,0,1,21:00,04/17/2023
دوري أبطال أوروبا,نابولي,ميلان,1,1,21:00,04/18/2023
دوري أبطال أوروبا,تشيلسي,ريال مدريد,0,2,21:00,04/18/2023
دوري أبطال أوروبا,إنتر ميلان,بنفيكا,3,3,21:00,04/19/2023
دوري أبطال أوروبا,بايرن ميونيخ,مانشستر سيتي,1,1,21:00,04/19/2023
الدوري الأوروبي,اشبيلية,مانشستر يونايتد,3,0,21:00,04/20/2023
الدوري الأوروبي,سبورتينج لشبونة,يوفنتوس,1,1,21:00,04/20/2023
الدوري الأوروبي,سان جيلواز,باير ليفركوزن,1,4,21:00,04/20/2023
الدوري الأوروبي,روما,فينورد,4,1,21:00,04/20/2023
دوري المؤتمر الأوروبي,الكمار,أندرلخت,2,0,18:45,04/20/2023
دوري المؤتمر الأوروبي,فيورنتينا,ليخ بوزنان,2,3,18:45,04/20/2023
دوري المؤتمر الأوروبي,نيس,بازل,1,2,21:00,04/20/2023
دوري المؤتمر الأوروبي,وست هام يونايتد,جينت,4,1,21:00,04/20/2023
الدوري الإسباني,اسبانيول,قادش,0,0,21:00,04/21/2023
دوري أبطال أفريقيا,شبيبة القبائل,الترجى الرياضي,0,1,23:00,04/21/2023
الدوري الإسباني,أوساسونا,ريال بيتيس,3,2,14:00,04/22/2023
الدوري الإسباني,الميريا,أتلتيك بلباو,1,2,16:15,04/22/2023
الدوري الإسباني,بلد الوليد,جيرونا,1,0,18:30,04/22/2023
الدوري الإسباني,ريال سوسيداد,رايو فاييكانو,2,1,18:30,04/22/2023
الدوري الإسباني,ريال مدريد,سيلتا فيجو,2,0,21:00,04/22/2023
دوري أبطال أفريقيا,سيمبا,الوداد البيضاوي,1,0,15:00,04/22/2023
دوري أبطال أفريقيا,شباب بلوزداد,ماميلودي صنداونز,1,4,21:00,04/22/2023
دوري أبطال أفريقيا,الأهلي,الرجاء البيضاوي,2,0,21:00,04/22/2023
الدوري الإسباني,إلتشي,فالنسيا,0,2,14:00,04/23/2023
الدوري الإسباني,برشلونة,اتلتيكو مدريد,1,0,16:15,04/23/2023
الدوري الإسباني,مايوركا,خيتافي,3,1,18:30,04/23/2023
الدوري الإسباني,اشبيلية,فياريال,2,1,21:00,04/23/2023
الكونفيدرالية الأفريقية,ريفرز يونايتد,يانج افريكانز,0,2,15:00,04/23/2023
الكونفيدرالية الأفريقية,بيراميدز,مارومو جالانتس,1,1,18:00,04/23/2023
الكونفيدرالية الأفريقية,الإتحاد المنستيري,أسيك أبيدجـــــان,0,0,18:00,04/23/2023
الكونفيدرالية الأفريقية,اتحاد العاصمة,الجيش الملكي,2,0,21:00,04/23/2023
الدوري الإسباني,جيرونا,ريال مدريد,4,2,19:30,04/25/2023
الدوري الإسباني,قادش,أوساسونا,0,1,19:30,04/25/2023
الدوري الإسباني,ريال بيتيس,ريال سوسيداد,0,0,22:00,04/25/2023
الدوري الإسباني,اتلتيكو مدريد,مايوركا,3,1,19:30,04/26/2023
الدوري الإسباني,خيتافي,الميريا,1,2,19:30,04/26/2023
الدوري الإسباني,سيلتا فيجو,إلتشي,1,0,22:00,04/26/2023
الدوري الإسباني,رايو فاييكانو,برشلونة,2,1,22:00,04/26/2023
الدوري الأفريقي لكرة السلة,الأهلي,فيروفياريو دا بيرا,92,74,18:00,04/26/2023
الدوري الإسباني,فالنسيا,بلد الوليد,2,1,19:30,04/27/2023
الدوري الإسباني,فياريال,اسبانيول,4,2,19:30,04/27/2023
الدوري الإسباني,أتلتيك بلباو,اشبيلية,0,1,22:00,04/27/2023
الدوري الأفريقي لكرة السلة,سلاك,كيب تاون تايجرز,68,75,17:00,04/27/2023
الدوري الأفريقي لكرة السلة,بترو دي لواندا,سيتي أويلرز,89,71,20:30,04/27/2023
الدوري الإسباني,أوساسونا,ريال سوسيداد,0,2,22:00,04/28/2023
دوري أبطال أفريقيا,الوداد البيضاوي,سيمبا,1,0,22:00,04/28/2023
دوري أبطال آسيا للنخبة,الهلال,اوراوا ريد دياموندز,1,1,20:30,04/29/2023
الدوري الإسباني,إلتشي,رايو فاييكانو,4,0,17:15,04/29/2023
الدوري الإسباني,ريال مدريد,الميريا,4,2,19:30,04/29/2023
الدوري الإسباني,برشلونة,ريال بيتيس,4,0,22:00,04/29/2023
دوري أبطال أفريقيا,ماميلودي صنداونز,شباب بلوزداد,2,1,16:00,04/29/2023
دوري أبطال أفريقيا,الترجى الرياضي,شبيبة القبائل,1,1,22:00,04/29/2023
دوري أبطال أفريقيا,الرجاء البيضاوي,الأهلي,0,0,22:00,04/29/2023
الدوري الأفريقي لكرة السلة,فيروفياريو دا بيرا,بترو دي لواندا,76,101,16:00,04/29/2023
الدوري الأفريقي لكرة السلة,سيتي أويلرز,الأهلي,70,72,19:30,04/29/2023
الدوري الإسباني,قادش,فالنسيا,2,1,15:00,04/30/2023
الدوري الإسباني,فياريال,سيلتا فيجو,3,1,17:15,04/30/2023
الدوري الإسباني,اسبانيول,خيتافي,1,0,19:30,04/30/2023
الدوري الإسباني,بلد الوليد,اتلتيكو مدريد,2,5,22:00,04/30/2023
الكونفيدرالية الأفريقية,يانج افريكانز,ريفرز يونايتد,0,0,19:00,04/30/2023
الكونفيدرالية الأفريقية,مارومو جالانتس,بيراميدز,1,0,19:00,04/30/2023
الكونفيدرالية الأفريقية,أسيك أبيدجـــــان,الإتحاد المنستيري,2,0,19:00,04/30/2023
الكونفيدرالية الأفريقية,الجيش الملكي,اتحاد العاصمة,3,2,22:00,04/30/2023
الدوري الأفريقي لكرة السلة,سلاك,فيروفياريو دا بيرا,97,109,17:00,04/30/2023
الدوري الأفريقي لكرة السلة,بترو دي لواندا,كيب تاون تايجرز,87,48,20:30,04/30/2023
الدوري الإسباني,مايوركا,أتلتيك بلباو,1,1,20:00,05/01/2023
الدوري الإسباني,اشبيلية,جيرونا,0,2,22:00,05/01/2023
الدوري الإسباني,برشلونة,أوساسونا,1,0,20:30,05/02/2023
الدوري الإسباني,الميريا,إلتشي,2,1,20:30,05/02/2023
الدوري الإسباني,ريال سوسيداد,ريال مدريد,2,0,23:00,05/02/2023
الدوري الأفريقي لكرة السلة,سيتي أويلرز,سلاك,68,96,17:00,05/02/2023
الدوري الأفريقي لكرة السلة,كيب تاون تايجرز,الأهلي,75,91,20:30,05/02/2023
الدوري الإسباني,فالنسيا,فياريال,1,1,20:30,05/03/2023
الدوري الإسباني,اتلتيكو مدريد,قادش,5,1,23:00,05/03/2023
الدوري الإسباني,خيتافي,سيلتا فيجو,1,0,23:00,05/03/2023
الدوري الأفريقي لكرة السلة,سلاك,بترو دي لواندا,78,95,17:00,05/03/2023
الدوري الأفريقي لكرة السلة,فيروفياريو دا بيرا,كيب تاون تايجرز,82,76,20:30,05/03/2023
الدوري الإسباني,جيرونا,مايوركا,2,1,20:30,05/04/2023
الدوري الإسباني,اشبيلية,اسبانيول,3,2,20:30,05/04/2023
الدوري الإسباني,رايو فاييكانو,بلد الوليد,2,1,23:00,05/04/2023
الدوري الإسباني,أتلتيك بلباو,ريال بيتيس,0,1,23:00,05/04/2023
الدوري الأفريقي لكرة السلة,بترو دي لواندا,الأهلي,91,90,16:00,05/05/2023
الدوري الأفريقي لكرة السلة,سيتي أويلرز,فيروفياريو دا بيرا,96,75,19:30,05/05/2023
دوري أبطال آسيا للنخبة,اوراوا ريد دياموندز,الهلال,1,0,12:00,05/06/2023
الدوري الأفريقي لكرة السلة,كيب تاون تايجرز,سيتي أويلرز,80,70,18:00,05/06/2023
الدوري الأفريقي لكرة السلة,الأهلي,سلاك,80,70,19:30,05/06/2023
دوري أبطال أوروبا,ريال مدريد,مانشستر سيتي,1,1,22:00,05/09/2023
الكونفيدرالية الأفريقية,يانج افريكانز,مارومو جالانتس,2,0,16:00,05/10/2023
الكونفيدرالية الأفريقية,أسيك أبيدجـــــان,اتحاد العاصمة,0,0,19:00,05/10/2023
دوري أبطال أوروبا,ميلان,إنتر ميلان,0,2,22:00,05/10/2023
الدوري الأوروبي,يوفنتوس,اشبيلية,1,1,22:00,05/11/2023
الدوري الأوروبي,روما,باير ليفركوزن,1,0,22:00,05/11/2023
دوري المؤتمر الأوروبي,فيورنتينا,بازل,1,2,22:00,05/11/2023
دوري المؤتمر الأوروبي,وست هام يونايتد,الكمار,2,1,22:00,05/11/2023
الدوري الإسباني,مايوركا,قادش,1,0,22:00,05/12/2023
دوري أبطال أفريقيا,الترجى الرياضي,الأهلي,0,3,22:00,05/12/2023
الدوري الإسباني,ريال سوسيداد,جيرونا,2,2,15:00,05/13/2023
الدوري الإسباني,أوساسونا,الميريا,3,1,17:15,05/13/2023
الدوري الإسباني,فياريال,أتلتيك بلباو,5,1,19:30,05/13/2023
الدوري الإسباني,ريال مدريد,خيتافي,1,0,22:00,05/13/2023
دوري أبطال أفريقيا,الوداد البيضاوي,ماميلودي صنداونز,0,0,22:00,05/13/2023
الدوري الإسباني,سيلتا فيجو,فالنسيا,1,2,15:00,05/14/2023
الدوري الإسباني,إلتشي,اتلتيكو مدريد,1,0,17:15,05/14/2023
الدوري الإسباني,بلد الوليد,اشبيلية,0,3,19:30,05/14/2023
الدوري الإسباني,اسبانيول,برشلونة,2,4,22:00,05/14/2023
الدوري الإسباني,ريال بيتيس,رايو فاييكانو,3,1,22:00,05/15/2023
دوري أبطال أوروبا,إنتر ميلان,ميلان,1,0,22:00,05/16/2023
الكونفيدرالية الأفريقية,مارومو جالانتس,يانج افريكانز,1,2,19:00,05/17/2023
الكونفيدرالية الأفريقية,اتحاد العاصمة,أسيك أبيدجـــــان,2,0,22:00,05/17/2023
دوري أبطال أوروبا,مانشستر سيتي,ريال مدريد,4,0,22:00,05/17/2023
الدوري الأوروبي,باير ليفركوزن,روما,0,0,22:00,05/18/2023
الدوري الأوروبي,اشبيلية,يوفنتوس,2,1,22:00,05/18/2023
دوري المؤتمر الأوروبي,الكمار,وست هام يونايتد,0,1,22:00,05/18/2023
دوري المؤتمر الأوروبي,بازل,فيورنتينا,1,3,22:00,05/18/2023
الدوري الإسباني,قادش,بلد الوليد,2,0,22:00,05/19/2023
دوري أبطال أفريقيا,الأهلي,الترجى الرياضي,1,0,22:00,05/19/2023
الدوري الإسباني,جيرونا,فياريال,1,2,15:00,05/20/2023
الدوري الإسباني,أتلتيك بلباو,سيلتا فيجو,2,1,17:15,05/20/2023
الدوري الإسباني,خيتافي,إلتشي,1,1,19:30,05/20/2023
الدوري الإسباني,الميريا,مايوركا,3,0,19:30,05/20/2023
الدوري الإسباني,برشلونة,ريال سوسيداد,1,2,22:00,05/20/2023
دوري أبطال أفريقيا,ماميلودي صنداونز,الوداد البيضاوي,2,2,16:00,05/20/2023
الدوري الأفريقي لكرة السلة,ستاد مالي,كيب تاون تايجرز,78,69,17:00,05/20/2023
الدوري الأفريقي لكرة السلة,الأهلي,ريج الرواندي,94,77,20:30,05/20/2023
الدوري الإسباني,رايو فاييكانو,اسبانيول,1,2,15:00,05/21/2023
الدوري الإسباني,اتلتيكو مدريد,أوساسونا,3,0,17:15,05/21/2023
الدوري الإسباني,فالنسيا,ريال مدريد,1,0,19:30,05/21/2023
الدوري الإسباني,اشبيلية,ريال بيتيس,0,0,22:00,05/21/2023
الدوري الأفريقي لكرة السلة,إيه إس دوانّ,فيروفياريو دا بيرا,93,73,17:00,05/21/2023
الدوري الأفريقي لكرة السلة,بترو دي لواندا,أبيدجان,88,84,20:30,05/21/2023
الدوري الإسباني,سيلتا فيجو,جيرونا,1,1,20:30,05/23/2023
الدوري الإسباني,ريال سوسيداد,الميريا,1,0,20:30,05/23/2023
الدوري الإسباني,بلد الوليد,برشلونة,3,1,23:00,05/23/2023
الدوري الإسباني,فياريال,قادش,2,0,20:30,05/24/2023
الدوري الإسباني,إلتشي,اشبيلية,1,1,20:30,05/24/2023
الدوري الإسباني,ريال مدريد,رايو فاييكانو,2,1,20:30,05/24/2023
الدوري الإسباني,اسبانيول,اتلتيكو مدريد,3,3,23:00,05/24/2023
الدوري الإسباني,ريال بيتيس,خيتافي,0,1,23:00,05/24/2023
الدوري الأفريقي لكرة السلة,بترو دي لواندا,إيه إس دوانّ,86,92,18:00,05/24/2023
الدوري الأفريقي لكرة السلة,ستاد مالي,الأهلي,73,78,21:30,05/24/2023
الدوري الإسباني,مايوركا,فالنسيا,1,0,20:30,05/25/2023
الدوري الإسباني,أوساسونا,أتلتيك بلباو,2,0,22:30,05/25/2023
الدوري الأفريقي لكرة السلة,بترو دي لواندا,ستاد مالي,65,73,19:00,05/26/2023
الدوري الإسباني,اشبيلية,ريال مدريد,1,2,20:00,05/27/2023
الدوري الأفريقي لكرة السلة,الأهلي,إيه إس دوانّ,80,65,19:00,05/27/2023
الدوري الإسباني,رايو فاييكانو,فياريال,2,1,20:00,05/28/2023
الدوري الإسباني,جيرونا,ريال بيتيس,1,2,20:00,05/28/2023
الدوري الإسباني,خيتافي,أوساسونا,2,1,20:00,05/28/2023
الدوري الإسباني,اتلتيكو مدريد,ريال سوسيداد,2,1,20:00,05/28/2023
الدوري الإسباني,قادش,سيلتا فيجو,1,0,20:00,05/28/2023
الدوري الإسباني,أتلتيك بلباو,إلتشي,0,1,20:00,05/28/2023
الدوري الإسباني,برشلونة,مايوركا,3,0,20:00,05/28/2023
الدوري الإسباني,فالنسيا,اسبانيول,2,2,20:00,05/28/2023
الدوري الإسباني,الميريا,بلد الوليد,0,0,20:00,05/28/2023
الكونفيدرالية الأفريقية,يانج افريكانز,اتحاد العاصمة,1,2,16:00,05/28/2023
الدوري الأوروبي,اشبيلية,روما,1,1,22:00,05/31/2023
الكونفيدرالية الأفريقية,اتحاد العاصمة,يانج افريكانز,0,1,22:00,06/03/2023
الدوري الإسباني,أوساسونا,جيرونا,2,1,19:30,06/04/2023
الدوري الإسباني,مايوركا,رايو فاييكانو,3,0,19:30,06/04/2023
الدوري الإسباني,ريال مدريد,أتلتيك بلباو,1,1,19:30,06/04/2023
الدوري الإسباني,ريال سوسيداد,اشبيلية,2,1,19:30,06/04/2023
الدوري الإسباني,فياريال,اتلتيكو مدريد,2,2,19:30,06/04/2023
الدوري الإسباني,اسبانيول,الميريا,3,3,22:00,06/04/2023
الدوري الإسباني,سيلتا فيجو,برشلونة,2,1,22:00,06/04/2023
الدوري الإسباني,إلتشي,قادش,1,1,22:00,06/04/2023
الدوري الإسباني,ريال بيتيس,فالنسيا,1,1,22:00,06/04/2023
الدوري الإسباني,بلد الوليد,خيتافي,0,0,22:00,06/04/2023
دوري أبطال أفريقيا,الأهلي,الوداد البيضاوي,2,1,21:00,06/04/2023
دوري المؤتمر الأوروبي,فيورنتينا,وست هام يونايتد,1,2,22:00,06/07/2023
دوري أبطال أوروبا,مانشستر سيتي,إنتر ميلان,1,0,22:00,06/10/2023
دوري أبطال أفريقيا,الوداد البيضاوي,الأهلي,1,1,22:00,06/11/2023
مباريات ودية - منتخبات,ألمانيا,أوكرانيا,3,3,19:00,06/12/2023
مباريات ودية - منتخبات,المغرب,كاب فيردي,0,0,22:00,06/12/2023
دوري الأمم الأوروبية,هولندا,كرواتيا,2,4,21:45,06/14/2023
دوري الأمم الأوروبية,إسبانيا,إيطاليا,2,1,21:45,06/15/2023
مباريات ودية - منتخبات,الأرجنتين,أستراليا,2,0,15:00,06/15/2023
مباريات ودية - منتخبات,مصر,غانا الأولمبي,1,1,18:00,06/15/2023
مباريات ودية - منتخبات,السويد,نيوزيلندا,4,1,20:00,06/16/2023
مباريات ودية - منتخبات,بولندا,ألمانيا,1,0,21:45,06/16/2023
مباريات ودية - منتخبات,كولومبيا,العراق,1,0,22:00,06/16/2023
مباريات ودية - منتخبات,البرازيل,غينيا,4,1,22:30,06/17/2023
دوري الأمم الأوروبية,هولندا,إيطاليا,2,3,16:00,06/18/2023
دوري الأمم الأوروبية,كرواتيا,إسبانيا,0,0,21:45,06/18/2023
مباريات ودية - منتخبات,مصر,جنوب السودان,3,0,20:00,06/18/2023
مباريات ودية - منتخبات,مصر,الكونغو الأولمبي,0,0,20:00,06/20/2023
مباريات ودية - منتخبات,ألمانيا,كولومبيا,0,2,21:45,06/20/2023
مباريات ودية - منتخبات,تونس,الجزائر,1,1,22:00,06/20/2023
مباريات ودية - منتخبات,البرازيل,السنغال,2,4,22:00,06/20/2023
بطولة أمم أفريقيا تحت 23,المغرب,غينيا,2,1,23:00,06/24/2023
بطولة أمم أفريقيا تحت 23,غانا الأولمبي,الكونغو الأولمبي,3,2,18:00,06/25/2023
بطولة أمم أفريقيا تحت 23,مصر,النيجر الأولمبي,0,0,20:00,06/25/2023
بطولة أمم أفريقيا تحت 23,مالي,الجابون الأولمبي,3,1,23:00,06/25/2023
بطولة أمم أفريقيا تحت 23,الكونغو الأولمبي,غينيا,1,3,20:00,06/27/2023
بطولة أمم أفريقيا تحت 23,المغرب,غانا الأولمبي,5,1,23:00,06/27/2023
بطولة أمم أفريقيا تحت 23,مصر,مالي,1,0,20:00,06/28/2023
بطولة أمم أفريقيا تحت 23,الجابون الأولمبي,النيجر الأولمبي,0,1,23:00,06/28/2023
بطولة أمم أفريقيا تحت 23,الكونغو الأولمبي,المغرب,0,1,23:00,06/30/2023
بطولة أمم أفريقيا تحت 23,غينيا,غانا الأولمبي,1,1,23:00,06/30/2023
بطولة أمم أفريقيا تحت 23,النيجر الأولمبي,مالي,0,2,23:00,07/01/2023
بطولة أمم أفريقيا تحت 23,الجابون الأولمبي,مصر,0,2,23:00,07/01/2023
بطولة أمم أفريقيا تحت 23,مصر,غينيا,1,0,20:00,07/04/2023
بطولة أمم أفريقيا تحت 23,المغرب,مالي,2,2,23:00,07/04/2023
بطولة أمم أفريقيا تحت 23,مالي,غينيا,0,0,20:00,07/07/2023
بطولة أمم أفريقيا تحت 23,المغرب,مصر,2,1,23:00,07/08/2023
مباريات ودية -أندية,مانشستر يونايتد,ليدز يونايتد,2,0,18:00,07/12/2023
مباريات ودية -أندية,نورمبرج,أرسنال,1,1,19:30,07/13/2023
مباريات ودية -أندية,سيلتا فيجو,النصر,5,0,22:30,07/17/2023
مباريات ودية -أندية,وست هام يونايتد,توتنهام هوتسبر,3,2,13:00,07/18/2023
مباريات ودية -أندية,جلاسكو رينجرز,نيوكاسل,1,2,21:45,07/18/2023
مباريات ودية -أندية,مانشستر يونايتد,ليون,1,0,16:00,07/19/2023
مباريات ودية -أندية,الهلال,دينامو كييف,0,1,19:00,07/19/2023
مباريات ودية -أندية,كارلشروهر,ليفربول,2,4,19:30,07/19/2023
مباريات ودية -أندية,تشيلسي,ريكسهام,5,0,03:00,07/20/2023
مباريات ودية -أندية,نجوم الدورى الامريكى,أرسنال,0,5,03:30,07/20/2023
مباريات ودية -أندية,فيورنتينا,بارما,1,1,20:00,07/20/2023
مباريات ودية -أندية,بنفيكا,النصر,4,1,22:30,07/20/2023
مباريات ودية -أندية,باريس سان جيرمان,لوهافر,2,0,18:00,07/21/2023
مباريات ودية -أندية,الرجاء البيضاوي,السد القطري,2,2,18:30,07/21/2023
مباريات ودية -أندية,أرسنال,مانشستر يونايتد,0,2,00:00,07/23/2023
مباريات ودية -أندية,تشيلسي,برايتون,4,3,02:00,07/23/2023
مباريات ودية -أندية,مانشستر سيتي,يوكوهاما مارينوس,5,3,13:00,07/23/2023
مباريات ودية -أندية,نانت,أنجيه,1,0,18:00,07/23/2023
مباريات ودية -أندية,الهلال,نادي الكويت,4,2,21:00,07/23/2023
مباريات ودية -أندية,نيوكاسل,أستون فيلا,3,3,02:00,07/24/2023
مباريات ودية -أندية,ريال مدريد,ميلان,3,2,05:00,07/24/2023
مباريات ودية -أندية,ليفربول,جروتر فورت,4,4,14:15,07/24/2023
مباريات ودية -أندية,باريس سان جيرمان,النصر,0,0,13:20,07/25/2023
مباريات ودية -أندية,مانشستر يونايتد,ريكسهام,1,3,05:30,07/26/2023
مباريات ودية -أندية,بايرن ميونيخ,مانشستر سيتي,1,2,13:30,07/26/2023
مباريات ودية -أندية,توتنهام هوتسبر,ليون سيتي سيلورز,5,1,14:30,07/26/2023
مباريات ودية -أندية,روما,سبورتينج براجا,1,0,22:00,07/26/2023
مباريات ودية -أندية,فولهام,أستون فيلا,0,2,02:00,07/27/2023
مباريات ودية -أندية,نيوكاسل,تشيلسي,1,1,03:15,07/27/2023
مباريات ودية -أندية,ريال مدريد,مانشستر يونايتد,2,0,03:30,07/27/2023
مباريات ودية -أندية,أرسنال,برشلونة,5,3,05:30,07/27/2023
مباريات ودية -أندية,إنتر ميلان,النصر,1,1,13:20,07/27/2023
مباريات ودية -أندية,اتلتيكو مدريد,نجوم دوري كوريا الجنوبية,2,3,14:00,07/27/2023
مباريات ودية -أندية,يوفنتوس,ميلان,2,2,05:30,07/28/2023
مباريات ودية -أندية,برشلونة,ريال مدريد,3,0,00:06,07/30/2023
مباريات ودية -أندية,ليفربول,ليستر سيتي,4,0,12:00,07/30/2023
مباريات ودية -أندية,اتلتيكو مدريد,مانشستر سيتي,2,1,14:40,07/30/2023
مباريات ودية -أندية,طرابزون سبور,ايك اثينا,1,3,20:00,07/30/2023
مباريات ودية -أندية,تشيلسي,فولهام,2,0,21:45,07/30/2023
مباريات ودية -أندية,مانشستر يونايتد,بروسيا دورتموند,2,3,04:00,07/31/2023
مباريات ودية -أندية,باريس سان جيرمان,إنتر ميلان,1,2,13:00,08/01/2023
مباريات ودية -أندية,ميلان,برشلونة,0,1,06:00,08/02/2023
مباريات ودية -أندية,ليفربول,بايرن ميونيخ,3,4,14:30,08/02/2023
مباريات ودية -أندية,نانت,لوريان,1,3,19:30,08/02/2023
مباريات ودية -أندية,أرسنال,موناكو,1,1,20:00,08/02/2023
مباريات ودية -أندية,روما,فيرنسي,4,2,21:45,08/02/2023
مباريات ودية -أندية,يوفنتوس,ريال مدريد,3,1,02:30,08/03/2023
مباريات ودية -أندية,تشيلسي,بروسيا دورتموند,1,1,03:30,08/03/2023
مباريات ودية -أندية,اتلتيكو مدريد,ريال سوسيداد,0,0,04:00,08/03/2023
مباريات ودية -أندية,باريس سان جيرمان,تشونبك هيونداي,3,0,11:00,08/03/2023
مباريات ودية -أندية,أستون فيلا,لاتسيو,3,0,21:30,08/03/2023
مباريات ودية -أندية,طرابزون سبور,دوزيورتسبور,5,0,17:00,08/04/2023
مباريات ودية -أندية,مانشستر يونايتد,لانس,3,1,14:45,08/05/2023
مباريات ودية -أندية,آ. فرانكفورت,نوتينجهام فورست,0,0,16:30,08/05/2023
مباريات ودية -أندية,كولن,نانت,2,0,19:00,08/05/2023
مباريات ودية -أندية,فالنسيا,أستون فيلا,1,2,22:00,08/05/2023
الدرع الخيرية,مانشستر سيتي,أرسنال,1,1,18:00,08/06/2023
مباريات ودية -أندية,اتلتيكو مدريد,اشبيلية,1,1,05:00,08/06/2023
مباريات ودية -أندية,توتنهام هوتسبر,شاختار دونيتسك,5,1,16:00,08/06/2023
مباريات ودية -أندية,مانشستر يونايتد,أتلتيك بلباو,1,1,18:00,08/06/2023
مباريات ودية -أندية,بروسيا دورتموند,أياكس امستردام,3,1,18:00,08/06/2023
مباريات ودية -أندية,نيوكاسل,فياريال,4,0,18:00,08/06/2023
مباريات ودية -أندية,نابولي,أوجسبورج,1,0,19:30,08/06/2023
مباريات ودية -أندية,تولوز,روما,2,1,20:30,08/06/2023
مباريات ودية -أندية,بايرن ميونيخ,موناكو,4,2,18:00,08/07/2023
مباريات ودية -أندية,ليفربول,دارمشتات,3,1,21:15,08/07/2023
مباريات ودية -أندية,برشلونة,توتنهام هوتسبر,4,2,21:00,08/08/2023
مباريات ودية -أندية,مونزا,ميلان,1,1,22:00,08/08/2023
مباريات ودية -أندية,ميلان,ترينتو,1,0,19:00,08/09/2023
مباريات ودية -أندية,إنتر ميلان,ريد بول سالزبورج,4,3,20:00,08/09/2023
مباريات ودية - منتخبات,مصر,روسيا - أولمبي,1,1,19:00,09/07/2023
مباريات ودية -أندية,الزمالك,السكة الحديد,3,0,17:00,09/07/2023
تصفيات كأس العالم - أمريكا الجنوبية,باراجواي,بيرو,0,0,01:30,09/08/2023
تصفيات كأس العالم - أمريكا الجنوبية,كولومبيا,فنزويلا,1,0,02:00,09/08/2023
تصفيات كأس العالم - أمريكا الجنوبية,الأرجنتين,إكوادور,1,0,03:00,09/08/2023
مباريات ودية - منتخبات,السعودية,كوستاريكا,1,3,22:00,09/08/2023
تصفيات كأس العالم - أمريكا الجنوبية,أوروجواي,تشيلي,3,1,02:00,09/09/2023
تصفيات كأس العالم - أمريكا الجنوبية,البرازيل,بوليفيا,5,1,03:45,09/09/2023
مباريات ودية - منتخبات,اليــــابان,ألمانيا,4,1,21:45,09/09/2023
مباريات ودية - منتخبات,مصر,روسيا - أولمبي,2,1,19:00,09/11/2023
مباريات ودية -أندية,الزمالك,سيراميكا كليوباترا,0,3,17:00,09/11/2023
تصفيات كأس العالم - أمريكا الجنوبية,بوليفيا,الأرجنتين,0,3,23:00,09/12/2023
تصفيات كأس العالم - أمريكا الجنوبية,إكوادور,أوروجواي,2,1,23:59,09/12/2023
مباريات ودية - منتخبات,كوستاريكا,الإمارات,1,4,19:00,09/12/2023
مباريات ودية - منتخبات,السعودية,كوريا الجنوبية,0,1,19:30,09/12/2023
مباريات ودية - منتخبات,مصر,تونس,1,3,20:00,09/12/2023
مباريات ودية - منتخبات,إسكتلندا,إنجلترا,1,3,21:45,09/12/2023
مباريات ودية - منتخبات,السنغال,الجزائر,0,1,22:00,09/12/2023
مباريات ودية - منتخبات,كوت ديفوار,مالي,0,0,22:00,09/12/2023
مباريات ودية - منتخبات,ألمانيا,فرنسا,2,1,22:00,09/12/2023
تصفيات كأس العالم - أمريكا الجنوبية,فنزويلا,باراجواي,1,0,01:00,09/13/2023
تصفيات كأس العالم - أمريكا الجنوبية,تشيلي,كولومبيا,0,0,03:30,09/13/2023
تصفيات كأس العالم - أمريكا الجنوبية,بيرو,البرازيل,0,1,05:00,09/13/2023
كأس إنتركونتيننتال,تليكوم باسكتس بون,نادي المنامة,105,50,10:00,09/21/2023
كأس إنتركونتيننتال,إيجنايت,الأهلي,76,82,14:00,09/21/2023
كأس إنتركونتيننتال,سيسي فرانكا,الأهلي,90,70,10:00,09/22/2023
كأس إنتركونتيننتال,تشيجيانج جولدين بولز,نادي المنامة,95,78,14:00,09/22/2023
كأس إنتركونتيننتال,إيجنايت,سيسي فرانكا,89,98,10:00,09/23/2023
كأس إنتركونتيننتال,تشيجيانج جولدين بولز,تليكوم باسكتس بون,50,111,14:00,09/23/2023
كأس إنتركونتيننتال,إيجنايت,نادي المنامة,80,60,07:00,09/24/2023
كأس إنتركونتيننتال,الأهلي,تشيجيانج جولدين بولز,74,81,10:00,09/24/2023
كأس إنتركونتيننتال,سيسي فرانكا,تليكوم باسكتس بون,70,69,14:00,09/24/2023
دوري القسم الثاني-أ,السكة الحديد,لافيينا أف سي,0,0,16:00,09/24/2023
دوري القسم الثاني-أ,حرس الحدود,أبو قير للاسمدة,1,0,18:00,09/24/2023
دوري القسم الثاني-أ,النصر للتعدين,بترول أسيوط,1,3,16:00,09/25/2023
دوري القسم الثاني-أ,بتروجت,أسوان,2,0,16:00,09/25/2023
دوري القسم الثاني-أ,النجوم,مكادي,0,0,16:00,09/25/2023
دوري القسم الثاني-أ,وادي دجلة,مصر المقاصة,2,1,16:00,09/26/2023
دوري القسم الثاني-أ,طنطا‏,راية الرياضي,1,0,16:00,09/26/2023
دوري القسم الثاني-أ,دكرنس,المصرية للاتصالات,1,3,16:00,09/26/2023
دوري القسم الثاني-أ,جمهورية شبين,غزل المحلة,0,1,16:00,09/26/2023
دوري القسم الثاني-أ,بروكسي,القناة,2,2,16:00,09/26/2023
بطولة أفريقيا للأندية لكرة اليد,فاب الكاميروني,الأهلي,18,33,16:00,09/28/2023
بطولة أفريقيا للأندية لكرة اليد,بي إم سي,كينشاسا,28,26,16:00,09/28/2023
بطولة أفريقيا للأندية لكرة اليد,أدجيدجا,نزيكو الكاميروني,35,34,14:00,09/29/2023
بطولة أفريقيا للأندية لكرة اليد,بترو سبورت,ريد ستار,24,26,20:00,09/29/2023
بطولة أفريقيا للأندية لكرة اليد,كينشاسا,فاب الكاميروني,27,27,14:00,09/30/2023
بطولة أفريقيا للأندية لكرة اليد,الأهلي,بي إم سي,37,24,18:00,09/30/2023
تصفيات الأولمبياد - كرة طائرة,سلوفينيا,تونس‎,3,0,04:00,09/30/2023
تصفيات الأولمبياد - كرة طائرة,الارجنتين,المكسيك,3,0,05:00,09/30/2023
تصفيات الأولمبياد - كرة طائرة,صربيا,تركيا,1,3,07:00,09/30/2023
تصفيات الأولمبياد - كرة طائرة,هولندا,كندا,2,3,08:00,09/30/2023
تصفيات الأولمبياد - كرة طائرة,الولايات المتحدة,مصر,3,0,10:00,09/30/2023
تصفيات الأولمبياد - كرة طائرة,بولندا,بلجيكا,3,2,11:00,09/30/2023
تصفيات الأولمبياد - كرة طائرة,اليابان,فنلندا,3,2,13:25,09/30/2023
تصفيات الأولمبياد - كرة طائرة,الصين,بلغاريا,0,3,14:30,09/30/2023
تصفيات الأولمبياد - كرة طائرة,البرازيل,قطر,3,0,16:00,09/30/2023
تصفيات الأولمبياد - كرة طائرة,إيطاليا,التشيك,3,1,19:30,09/30/2023
تصفيات الأولمبياد - كرة طائرة,إيران,ألمانيا,1,3,23:00,09/30/2023
دوري القسم الثاني-أ,غزل المحلة,حرس الحدود,1,1,16:00,10/01/2023
البطولة العربية للأندية لكرة السلة,الأهلي,دجلة الجامعة العراقي,92,77,13:00,10/01/2023
البطولة العربية للأندية لكرة السلة,الأهلي القطري,نادي دينامو,63,93,14:00,10/01/2023
البطولة العربية للأندية لكرة السلة,نادي اتحاد الجزائر,نادي السيب,81,57,15:30,10/01/2023
البطولة العربية للأندية لكرة السلة,نادي مجد طنجة,بيروت اللبناني,70,95,16:30,10/01/2023
البطولة العربية للأندية لكرة السلة,نادي القادسية,نادي الفتح,79,62,18:00,10/01/2023
البطولة العربية للأندية لكرة السلة,نادي خدمات البريج,نادي قطر,70,87,19:30,10/01/2023
بطولة أفريقيا للأندية لكرة اليد,ريد ستار,أدجيدجا,27,31,16:00,10/01/2023
بطولة أفريقيا للأندية لكرة اليد,نزيكو الكاميروني,بترو سبورت,24,27,18:00,10/01/2023
تصفيات الأولمبياد - كرة طائرة,كوبا,أوكرانيا,3,0,02:30,10/01/2023
تصفيات الأولمبياد - كرة طائرة,سلوفينيا,تركيا,3,0,04:00,10/01/2023
تصفيات الأولمبياد - كرة طائرة,الارجنتين,كندا,1,3,05:00,10/01/2023
تصفيات الأولمبياد - كرة طائرة,صربيا,تونس‎,3,0,07:00,10/01/2023
تصفيات الأولمبياد - كرة طائرة,هولندا,المكسيك,3,0,08:00,10/01/2023
تصفيات الأولمبياد - كرة طائرة,الولايات المتحدة,فنلندا,3,0,10:00,10/01/2023
تصفيات الأولمبياد - كرة طائرة,بولندا,بلغاريا,3,0,11:00,10/01/2023
تصفيات الأولمبياد - كرة طائرة,اليابان,مصر,2,3,13:25,10/01/2023
تصفيات الأولمبياد - كرة طائرة,الصين,بلجيكا,1,3,14:30,10/01/2023
تصفيات الأولمبياد - كرة طائرة,البرازيل,التشيك,3,2,16:00,10/01/2023
تصفيات الأولمبياد - كرة طائرة,كوبا,ألمانيا,1,3,19:30,10/01/2023
تصفيات الأولمبياد - كرة طائرة,إيطاليا,قطر,3,0,23:00,10/01/2023
دوري القسم الثاني-أ,بترول أسيوط,بروكسي,0,1,16:00,10/02/2023
دوري القسم الثاني-أ,مصر المقاصة,السكة الحديد,0,1,16:00,10/02/2023
دوري القسم الثاني-أ,مكادي,دكرنس,1,3,16:00,10/02/2023
دوري القسم الثاني-أ,أسوان,النجوم,3,0,16:00,10/02/2023
البطولة العربية للأندية لكرة السلة,نادي السيب,الأهلي القطري,75,58,14:00,10/02/2023
البطولة العربية للأندية لكرة السلة,دجلة الجامعة العراقي,نادي مجد طنجة,95,74,14:00,10/02/2023
البطولة العربية للأندية لكرة السلة,الاتحاد السكندري,نادي اتحاد الجزائر,89,53,16:30,10/02/2023
البطولة العربية للأندية لكرة السلة,نادي الاتحاد الليبي,الأهلي,55,65,16:30,10/02/2023
البطولة العربية للأندية لكرة السلة,الكويت الكويتي,نادي المحرق,82,61,19:00,10/02/2023
البطولة العربية للأندية لكرة السلة,نادي وحدة صنعاء,نادي جمعية سلا,64,96,19:00,10/02/2023
بطولة أفريقيا للأندية لكرة اليد,ريد ستار,نزيكو الكاميروني,29,25,14:00,10/02/2023
بطولة أفريقيا للأندية لكرة اليد,بي إم سي,فاب الكاميروني,21,29,14:00,10/02/2023
بطولة أفريقيا للأندية لكرة اليد,بترو سبورت,أدجيدجا,26,35,16:00,10/02/2023
بطولة أفريقيا للأندية لكرة اليد,الأهلي,كينشاسا,42,30,20:00,10/02/2023
تصفيات الأولمبياد - كرة طائرة,إيران,أوكرانيا,0,3,02:30,10/02/2023
دوري القسم الثاني-أ,راية الرياضي,وادي دجلة,1,1,16:00,10/03/2023
دوري القسم الثاني-أ,القناة,بتروجت,1,2,16:00,10/03/2023
دوري القسم الثاني-أ,أبو قير للاسمدة,طنطا‏,2,1,16:00,10/03/2023
دوري القسم الثاني-أ,المصرية للاتصالات,جمهورية شبين,4,0,16:00,10/03/2023
دوري القسم الثاني-أ,لافيينا أف سي,النصر للتعدين,3,0,16:00,10/03/2023
البطولة العربية للأندية لكرة السلة,نادي دينامو,الاتحاد السكندري,89,96,16:00,10/03/2023
البطولة العربية للأندية لكرة السلة,نادي الفتح,نادي وحدة صنعاء,121,70,16:00,10/03/2023
البطولة العربية للأندية لكرة السلة,نادي اتحاد الجزائر,الأهلي القطري,83,54,18:30,10/03/2023
البطولة العربية للأندية لكرة السلة,نادي جمعية سلا,نادي القادسية,76,66,18:30,10/03/2023
تصفيات الأولمبياد - كرة طائرة,سلوفينيا,فنلندا,3,1,04:00,10/03/2023
تصفيات الأولمبياد - كرة طائرة,الارجنتين,بلغاريا,3,0,05:00,10/03/2023
تصفيات الأولمبياد - كرة طائرة,صربيا,مصر,3,1,07:00,10/03/2023
تصفيات الأولمبياد - كرة طائرة,هولندا,بلجيكا,0,3,08:00,10/03/2023
تصفيات الأولمبياد - كرة طائرة,الولايات المتحدة,تركيا,3,1,10:00,10/03/2023
تصفيات الأولمبياد - كرة طائرة,بولندا,كندا,3,2,11:00,10/03/2023
تصفيات الأولمبياد - كرة طائرة,اليابان,تونس‎,3,0,13:25,10/03/2023
تصفيات الأولمبياد - كرة طائرة,الصين,المكسيك,3,0,14:30,10/03/2023
تصفيات الأولمبياد - كرة طائرة,إيران,قطر,3,0,16:00,10/03/2023
تصفيات الأولمبياد - كرة طائرة,كوبا,التشيك,3,0,19:30,10/03/2023
تصفيات الأولمبياد - كرة طائرة,إيطاليا,أوكرانيا,3,0,23:00,10/03/2023
البطولة العربية للأندية لكرة السلة,نادي المحرق,نادي خدمات البريج,110,86,16:00,10/04/2023
البطولة العربية للأندية لكرة السلة,بيروت اللبناني,نادي الاتحاد الليبي,102,82,16:00,10/04/2023
البطولة العربية للأندية لكرة السلة,نادي قطر,الكويت الكويتي,54,82,18:30,10/04/2023
البطولة العربية للأندية لكرة السلة,الأهلي,نادي مجد طنجة,85,71,18:30,10/04/2023
بطولة أفريقيا للأندية لكرة اليد,أدجيدجا,كينشاسا,33,35,12:30,10/04/2023
بطولة أفريقيا للأندية لكرة اليد,الأهلي,نزيكو الكاميروني,35,18,12:30,10/04/2023
بطولة أفريقيا للأندية لكرة اليد,بترو سبورت,فاب الكاميروني,22,23,15:00,10/04/2023
بطولة أفريقيا للأندية لكرة اليد,ريد ستار,بي إم سي,24,29,20:00,10/04/2023
تصفيات الأولمبياد - كرة طائرة,البرازيل,ألمانيا,1,3,02:30,10/04/2023
تصفيات الأولمبياد - كرة طائرة,سلوفينيا,مصر,3,1,04:00,10/04/2023
تصفيات الأولمبياد - كرة طائرة,هولندا,بلغاريا,0,3,05:00,10/04/2023
تصفيات الأولمبياد - كرة طائرة,صربيا,فنلندا,3,0,07:00,10/04/2023
تصفيات الأولمبياد - كرة طائرة,الارجنتين,بلجيكا,3,2,08:00,10/04/2023
تصفيات الأولمبياد - كرة طائرة,الولايات المتحدة,تونس‎,3,0,10:00,10/04/2023
تصفيات الأولمبياد - كرة طائرة,بولندا,المكسيك,3,0,11:00,10/04/2023
تصفيات الأولمبياد - كرة طائرة,اليابان,تركيا,3,0,13:25,10/04/2023
تصفيات الأولمبياد - كرة طائرة,الصين,كندا,0,3,14:30,10/04/2023
تصفيات الأولمبياد - كرة طائرة,إيران,التشيك,1,3,16:00,10/04/2023
تصفيات الأولمبياد - كرة طائرة,إيطاليا,ألمانيا,1,3,19:30,10/04/2023
تصفيات الأولمبياد - كرة طائرة,كوبا,قطر,3,0,23:00,10/04/2023
البطولة العربية للأندية لكرة السلة,الأهلي القطري,الاتحاد السكندري,52,127,14:00,10/05/2023
البطولة العربية للأندية لكرة السلة,نادي مجد طنجة,نادي الاتحاد الليبي,70,68,14:00,10/05/2023
البطولة العربية للأندية لكرة السلة,نادي السيب,نادي دينامو,65,96,16:30,10/05/2023
البطولة العربية للأندية لكرة السلة,نادي جمعية سلا,نادي الفتح,90,80,16:30,10/05/2023
البطولة العربية للأندية لكرة السلة,نادي خدمات البريج,الكويت الكويتي,84,107,19:00,10/05/2023
البطولة العربية للأندية لكرة السلة,دجلة الجامعة العراقي,بيروت اللبناني,79,98,19:00,10/05/2023
تصفيات الأولمبياد - كرة طائرة,البرازيل,أوكرانيا,3,2,02:30,10/05/2023
البطولة العربية للأندية لكرة السلة,نادي دينامو,نادي اتحاد الجزائر,66,77,14:00,10/06/2023
البطولة العربية للأندية لكرة السلة,نادي الاتحاد الليبي,دجلة الجامعة العراقي,76,89,14:00,10/06/2023
البطولة العربية للأندية لكرة السلة,الاتحاد السكندري,نادي السيب,101,53,16:30,10/06/2023
البطولة العربية للأندية لكرة السلة,نادي القادسية,نادي وحدة صنعاء,95,62,16:30,10/06/2023
البطولة العربية للأندية لكرة السلة,نادي قطر,نادي المحرق,64,74,19:00,10/06/2023
البطولة العربية للأندية لكرة السلة,بيروت اللبناني,الأهلي,79,70,19:00,10/06/2023
بطولة أفريقيا للأندية لكرة اليد,فاب الكاميروني,كينشاسا,24,29,12:30,10/06/2023
بطولة أفريقيا للأندية لكرة اليد,الأهلي,بي إم سي,37,24,15:00,10/06/2023
بطولة أفريقيا للأندية لكرة اليد,نزيكو الكاميروني,ريد ستار,23,20,16:00,10/06/2023
بطولة أفريقيا للأندية لكرة اليد,بترو سبورت,أدجيدجا,29,32,20:00,10/06/2023
تصفيات الأولمبياد - كرة طائرة,تركيا,فنلندا,3,2,04:00,10/06/2023
تصفيات الأولمبياد - كرة طائرة,كندا,بلغاريا,3,0,05:00,10/06/2023
تصفيات الأولمبياد - كرة طائرة,تونس‎,مصر,2,3,07:00,10/06/2023
تصفيات الأولمبياد - كرة طائرة,المكسيك,بلجيكا,0,3,08:00,10/06/2023
تصفيات الأولمبياد - كرة طائرة,الولايات المتحدة,سلوفينيا,3,1,10:00,10/06/2023
تصفيات الأولمبياد - كرة طائرة,بولندا,الارجنتين,3,1,11:00,10/06/2023
تصفيات الأولمبياد - كرة طائرة,اليابان,صربيا,3,0,13:25,10/06/2023
تصفيات الأولمبياد - كرة طائرة,الصين,هولندا,2,3,14:30,10/06/2023
تصفيات الأولمبياد - كرة طائرة,البرازيل,كوبا,3,1,16:00,10/06/2023
تصفيات الأولمبياد - كرة طائرة,إيطاليا,إيران,3,0,19:30,10/06/2023
تصفيات الأولمبياد - كرة طائرة,أوكرانيا,قطر,3,1,23:00,10/06/2023
بطولة أفريقيا للأندية لكرة اليد,ريد ستار,بترو سبورت,31,24,11:00,10/07/2023
بطولة أفريقيا للأندية لكرة اليد,بي إم سي,فاب الكاميروني,24,23,13:00,10/07/2023
بطولة أفريقيا للأندية لكرة اليد,نزيكو الكاميروني,أدجيدجا,31,24,15:00,10/07/2023
بطولة أفريقيا للأندية لكرة اليد,كينشاسا,الأهلي,23,37,17:30,10/07/2023
تصفيات الأولمبياد - كرة طائرة,ألمانيا,التشيك,3,0,02:30,10/07/2023
تصفيات الأولمبياد - كرة طائرة,تركيا,مصر,3,1,04:00,10/07/2023
تصفيات الأولمبياد - كرة طائرة,كندا,بلجيكا,1,3,05:00,10/07/2023
تصفيات الأولمبياد - كرة طائرة,تونس‎,فنلندا,0,3,07:00,10/07/2023
تصفيات الأولمبياد - كرة طائرة,المكسيك,بلغاريا,0,3,08:00,10/07/2023
تصفيات الأولمبياد - كرة طائرة,الولايات المتحدة,صربيا,3,0,10:00,10/07/2023
تصفيات الأولمبياد - كرة طائرة,بولندا,هولندا,3,1,11:00,10/07/2023
تصفيات الأولمبياد - كرة طائرة,اليابان,سلوفينيا,3,0,13:25,10/07/2023
تصفيات الأولمبياد - كرة طائرة,الصين,الارجنتين,2,3,14:30,10/07/2023
تصفيات الأولمبياد - كرة طائرة,البرازيل,إيران,3,0,16:00,10/07/2023
تصفيات الأولمبياد - كرة طائرة,إيطاليا,كوبا,1,3,19:30,10/07/2023
تصفيات الأولمبياد - كرة طائرة,أوكرانيا,التشيك,3,1,23:00,10/07/2023
دوري القسم الثاني-أ,حرس الحدود,المصرية للاتصالات,1,0,16:00,10/08/2023
دوري القسم الثاني-أ,غزل المحلة,أبو قير للاسمدة,2,0,16:00,10/08/2023
البطولة العربية للأندية لكرة السلة,نادي القادسية,دجلة الجامعة العراقي,90,94,13:00,10/08/2023
البطولة العربية للأندية لكرة السلة,الكويت الكويتي,نادي السيب,90,49,13:00,10/08/2023
البطولة العربية للأندية لكرة السلة,نادي المحرق,نادي دينامو,83,79,15:30,10/08/2023
البطولة العربية للأندية لكرة السلة,نادي جمعية سلا,نادي مجد طنجة,88,75,15:30,10/08/2023
البطولة العربية للأندية لكرة السلة,بيروت اللبناني,نادي وحدة صنعاء,121,69,18:00,10/08/2023
البطولة العربية للأندية لكرة السلة,نادي اتحاد الجزائر,نادي قطر,77,70,18:00,10/08/2023
البطولة العربية للأندية لكرة السلة,الأهلي,نادي الفتح,98,58,20:30,10/08/2023
البطولة العربية للأندية لكرة السلة,الاتحاد السكندري,نادي خدمات البريج,20,0,20:30,10/08/2023
تصفيات الأولمبياد - كرة طائرة,ألمانيا,قطر,3,0,02:30,10/08/2023
تصفيات الأولمبياد - كرة طائرة,مصر,فنلندا,2,3,04:00,10/08/2023
تصفيات الأولمبياد - كرة طائرة,بلجيكا,بلغاريا,2,3,05:00,10/08/2023
تصفيات الأولمبياد - كرة طائرة,تركيا,تونس‎,3,0,07:00,10/08/2023
تصفيات الأولمبياد - كرة طائرة,الارجنتين,هولندا,3,0,08:00,10/08/2023
تصفيات الأولمبياد - كرة طائرة,سلوفينيا,صربيا,3,0,10:00,10/08/2023
تصفيات الأولمبياد - كرة طائرة,كندا,المكسيك,3,0,11:00,10/08/2023
تصفيات الأولمبياد - كرة طائرة,اليابان,الولايات المتحدة,2,3,13:25,10/08/2023
تصفيات الأولمبياد - كرة طائرة,الصين,بولندا,2,3,14:30,10/08/2023
تصفيات الأولمبياد - كرة طائرة,البرازيل,إيطاليا,3,2,16:00,10/08/2023
تصفيات الأولمبياد - كرة طائرة,إيران,كوبا,2,3,19:30,10/08/2023
تصفيات الأولمبياد - كرة طائرة,أوكرانيا,ألمانيا,0,3,23:00,10/08/2023
دوري القسم الثاني-أ,النجوم,القناة,0,3,16:00,10/09/2023
دوري القسم الثاني-أ,النصر للتعدين,مصر المقاصة,1,1,16:00,10/09/2023
دوري القسم الثاني-أ,بروكسي,لافيينا أف سي,0,1,16:00,10/09/2023
دوري القسم الثاني-أ,دكرنس,أسوان,1,0,16:00,10/09/2023
دوري القسم الثاني-أ,جمهورية شبين,مكادي,1,1,16:00,10/09/2023
دوري القسم الثاني-أ,بتروجت,بترول أسيوط,1,0,18:30,10/09/2023
البطولة العربية للأندية لكرة السلة,الكويت الكويتي,دجلة الجامعة العراقي,96,74,13:00,10/09/2023
البطولة العربية للأندية لكرة السلة,نادي المحرق,نادي جمعية سلا,95,108,15:30,10/09/2023
البطولة العربية للأندية لكرة السلة,نادي اتحاد الجزائر,بيروت اللبناني,78,110,18:00,10/09/2023
البطولة العربية للأندية لكرة السلة,الاتحاد السكندري,الأهلي,77,82,20:30,10/09/2023
تصفيات الأولمبياد - كرة طائرة,التشيك,قطر,3,1,02:30,10/09/2023
دوري القسم الثاني-أ,السكة الحديد,راية الرياضي,2,2,16:00,10/10/2023
دوري القسم الثاني-أ,وادي دجلة,طنطا‏,0,0,18:00,10/10/2023
البطولة العربية للأندية لكرة السلة,بيروت اللبناني,الكويت الكويتي,101,97,16:00,10/11/2023
البطولة العربية للأندية لكرة السلة,الأهلي,نادي جمعية سلا,78,85,18:30,10/11/2023
مباريات ودية - منتخبات,ويلز,جبل طارق,4,0,21:45,10/11/2023
البطولة العربية للأندية لكرة السلة,الكويت الكويتي,الأهلي,87,84,15:30,10/12/2023
البطولة العربية للأندية لكرة السلة,بيروت اللبناني,نادي جمعية سلا,86,75,18:00,10/12/2023
تصفيات كأس العالم - أمريكا الجنوبية,كولومبيا,أوروجواي,2,2,23:30,10/12/2023
مباريات ودية - منتخبات,مصر,زامبيا,1,0,19:00,10/12/2023
مباريات ودية - منتخبات,روسيا,الكاميرون,1,0,19:00,10/12/2023
مباريات ودية - منتخبات,الإمارات,الكويت,1,0,19:00,10/12/2023
مباريات ودية - منتخبات,مصر,الأردن - أولمبي,3,1,21:00,10/12/2023
مباريات ودية - منتخبات,الجزائر,كاب فيردي,5,1,22:00,10/12/2023
تصفيات كأس العالم - أمريكا الجنوبية,بوليفيا,إكوادور,1,2,02:00,10/13/2023
تصفيات كأس العالم - أمريكا الجنوبية,الأرجنتين,باراجواي,1,0,02:00,10/13/2023
تصفيات كأس العالم - أمريكا الجنوبية,تشيلي,بيرو,2,0,03:00,10/13/2023
تصفيات كأس العالم - أمريكا الجنوبية,البرازيل,فنزويلا,1,1,03:30,10/13/2023
مباريات ودية - منتخبات,كوريا الجنوبية,تونس,4,0,14:00,10/13/2023
مباريات ودية - منتخبات,أنجـــــولا,موزمبيق,1,1,17:00,10/13/2023
مباريات ودية - منتخبات,جنوب أفريقيا,إيسواتيني,0,0,19:00,10/13/2023
مباريات ودية - منتخبات,السعودية,نيجيريا,2,2,19:00,10/13/2023
مباريات ودية - منتخبات,إنجلترا,أستراليا,1,0,21:45,10/13/2023
مباريات ودية - منتخبات,مالي,أوغندا,1,0,22:00,10/13/2023
مباريات ودية - منتخبات,كوت ديفوار,المغرب,1,1,20:00,10/14/2023
مباريات ودية - منتخبات,أمريكا,ألمانيا,1,3,22:00,10/14/2023
مباريات ودية - منتخبات,المكسيك,غانـــا,2,0,03:30,10/15/2023
دوري القسم الثاني-أ,مكادي,حرس الحدود,1,1,16:00,10/16/2023
دوري القسم الثاني-أ,أسوان,جمهورية شبين,1,2,16:00,10/16/2023
دوري القسم الثاني-أ,بترول أسيوط,النجوم,1,0,16:00,10/16/2023
دوري القسم الثاني-أ,مصر المقاصة,بروكسي,3,3,16:00,10/16/2023
دوري القسم الثاني-أ,راية الرياضي,النصر للتعدين,2,1,18:30,10/16/2023
مباريات ودية - منتخبات,مصر,أوزبكستان,2,1,17:00,10/16/2023
مباريات ودية - منتخبات,مصر,الجزائر,1,1,19:00,10/16/2023
مباريات ودية - منتخبات,السنغال,الكاميرون,1,0,21:30,10/16/2023
دوري القسم الثاني-أ,طنطا‏,السكة الحديد,1,1,16:00,10/17/2023
دوري القسم الثاني-أ,القناة,دكرنس,2,0,16:00,10/17/2023
دوري القسم الثاني-أ,أبو قير للاسمدة,وادي دجلة,1,1,16:00,10/17/2023
دوري القسم الثاني-أ,لافيينا أف سي,بتروجت,3,2,16:00,10/17/2023
دوري القسم الثاني-أ,المصرية للاتصالات,غزل المحلة,0,2,18:30,10/17/2023
مباريات ودية - منتخبات,اليــــابان,تونس,2,0,13:10,10/17/2023
مباريات ودية - منتخبات,السعودية,مالي,1,3,18:00,10/17/2023
مباريات ودية - منتخبات,الإمارات,لبنان,2,1,19:00,10/17/2023
مباريات ودية - منتخبات,فرنسا,إسكتلندا,4,1,22:00,10/17/2023
مباريات ودية - منتخبات,كوت ديفوار,جنوب أفريقيا,1,1,22:00,10/17/2023
تصفيات كأس العالم - أمريكا الجنوبية,فنزويلا,تشيلي,3,0,00:01,10/18/2023
تصفيات كأس العالم - أمريكا الجنوبية,باراجواي,بوليفيا,1,0,01:30,10/18/2023
تصفيات كأس العالم - أمريكا الجنوبية,إكوادور,كولومبيا,0,0,02:30,10/18/2023
تصفيات كأس العالم - أمريكا الجنوبية,أوروجواي,البرازيل,2,0,03:00,10/18/2023
تصفيات كأس العالم - أمريكا الجنوبية,بيرو,الأرجنتين,0,2,05:00,10/18/2023
مباريات ودية - منتخبات,المكسيك,ألمانيا,2,2,03:00,10/18/2023
مباريات ودية - منتخبات,أمريكا,غانـــا,4,0,03:30,10/18/2023
كأس السوبر - كرة سلة,الأهلي,الزمالك,64,60,19:00,10/20/2023
دوري القسم الثاني-أ,حرس الحدود,أسوان,1,1,16:00,10/22/2023
دوري القسم الثاني-أ,النصر للتعدين,طنطا‏,2,1,16:00,10/23/2023
دوري القسم الثاني-أ,بتروجت,مصر المقاصة,2,1,16:00,10/23/2023
دوري القسم الثاني-أ,النجوم,لافيينا أف سي,2,1,16:00,10/23/2023
دوري القسم الثاني-أ,دكرنس,بترول أسيوط,2,0,16:00,10/23/2023
دوري القسم الثاني-أ,غزل المحلة,مكادي,1,1,18:30,10/23/2023
دوري القسم الثاني-أ,المصرية للاتصالات,أبو قير للاسمدة,1,2,16:00,10/24/2023
دوري القسم الثاني-أ,بروكسي,راية الرياضي,2,1,16:00,10/24/2023
دوري القسم الثاني-أ,جمهورية شبين,القناة,0,1,16:00,10/24/2023
دوري القسم الثاني-أ,السكة الحديد,وادي دجلة,0,0,18:30,10/24/2023
دوري القسم الثاني-أ,أسوان,غزل المحلة,2,0,14:30,10/29/2023
دوري القسم الثاني-أ,مكادي,المصرية للاتصالات,1,1,14:30,10/30/2023
دوري القسم الثاني-أ,بترول أسيوط,جمهورية شبين,2,0,14:30,10/30/2023
دوري القسم الثاني-أ,مصر المقاصة,النجوم,1,1,14:30,10/30/2023
دوري القسم الثاني-أ,وادي دجلة,النصر للتعدين,3,0,14:30,10/31/2023
دوري القسم الثاني-أ,راية الرياضي,بتروجت,1,0,14:30,10/31/2023
دوري القسم الثاني-أ,القناة,حرس الحدود,1,1,14:30,10/31/2023
دوري القسم الثاني-أ,أبو قير للاسمدة,السكة الحديد,1,0,14:30,10/31/2023
دوري القسم الثاني-أ,لافيينا أف سي,دكرنس,3,0,14:30,10/31/2023
دوري القسم الثاني-أ,طنطا‏,بروكسي,4,0,14:30,11/01/2023
دوري القسم الثاني-أ,النصر للتعدين,السكة الحديد,2,3,14:30,11/06/2023
دوري القسم الثاني-أ,دكرنس,مصر المقاصة,3,1,14:30,11/06/2023
دوري القسم الثاني-أ,جمهورية شبين,لافيينا أف سي,0,0,14:30,11/06/2023
دوري القسم الثاني-أ,المصرية للاتصالات,أسوان,1,0,14:30,11/06/2023
دوري القسم الثاني-أ,مكادي,أبو قير للاسمدة,2,1,14:30,11/06/2023
دوري القسم الثاني-أ,حرس الحدود,بترول أسيوط,3,1,17:00,11/06/2023
دوري القسم الثاني-أ,بروكسي,وادي دجلة,1,2,14:30,11/07/2023
دوري القسم الثاني-أ,النجوم,راية الرياضي,1,1,14:30,11/07/2023
دوري القسم الثاني-أ,غزل المحلة,القناة,2,1,14:30,11/07/2023
دوري القسم الثاني-أ,بتروجت,طنطا‏,2,1,17:00,11/07/2023
دوري القسم الثاني-أ,وادي دجلة,بتروجت,1,1,14:30,11/12/2023
دوري القسم الثاني-أ,أسوان,مكادي,3,2,14:30,11/13/2023
دوري القسم الثاني-أ,بترول أسيوط,غزل المحلة,1,0,14:30,11/13/2023
دوري القسم الثاني-أ,مصر المقاصة,جمهورية شبين,1,0,14:30,11/13/2023
دوري القسم الثاني-أ,أبو قير للاسمدة,النصر للتعدين,5,0,14:30,11/13/2023
دوري القسم الثاني-أ,راية الرياضي,دكرنس,2,2,17:00,11/13/2023
دوري القسم الثاني-أ,طنطا‏,النجوم,2,1,14:30,11/14/2023
دوري القسم الثاني-أ,القناة,المصرية للاتصالات,2,2,14:30,11/14/2023
دوري القسم الثاني-أ,السكة الحديد,بروكسي,0,0,14:30,11/14/2023
دوري القسم الثاني-أ,لافيينا أف سي,حرس الحدود,2,2,14:30,11/14/2023
تصفيات كأس العالم-أفريقيا,رواندا,زيمبابوي,0,0,15:00,11/15/2023
تصفيات كأس العالم-أفريقيا,غينيا الاستوائية,ناميبيا,0,3,15:00,11/15/2023
تصفيات كأس العالم-أفريقيا,الكونغو الديمقراطية,موريتانيا,2,0,18:00,11/15/2023
تصفيات كأس العالم-أفريقيا,إثيوبيا,سيراليون,0,0,21:00,11/15/2023
مباريات ودية - منتخبات,بلجيكا,صربيا,1,0,21:45,11/15/2023
تصفيات كأس العالم-أفريقيا,بوروندي,جامبيا,3,2,15:00,11/16/2023
تصفيات كأس العالم-أفريقيا,بوتسوانا,موزمبيق,2,3,15:00,11/16/2023
تصفيات كأس العالم-أفريقيا,مصر,جيبوتي,6,0,18:00,11/16/2023
تصفيات كأس العالم-أفريقيا,السودان,توجـــو,1,1,18:00,11/16/2023
تصفيات كأس العالم-أفريقيا,نيجيريا,ليسوتو,1,1,18:00,11/16/2023
تصفيات كأس العالم-أفريقيا,الجابون,كينيا,2,1,18:00,11/16/2023
تصفيات كأس العالم-أفريقيا,الجزائر,الصومال,3,1,18:00,11/16/2023
تصفيات كأس العالم-أفريقيا,كاب فيردي,أنجـــــولا,0,0,21:00,11/16/2023
تصفيات كأس العالم - أمريكا الجنوبية,بوليفيا,بيرو,2,0,22:00,11/16/2023
تصفيات كأس العالم - أمريكا الجنوبية,فنزويلا,إكوادور,0,0,23:59,11/16/2023
مباريات ودية - منتخبات,النرويج,جزر فاروه,2,0,19:00,11/16/2023
تصفيات كأس العالم-أفريقيا,إيسواتيني,ليبيا,0,1,15:00,11/17/2023
تصفيات كأس العالم-أفريقيا,غينيا,أوغندا,2,1,15:00,11/17/2023
تصفيات كأس العالم-أفريقيا,جزر القمر,أفريقيا الوسطى,4,2,15:00,11/17/2023
تصفيات كأس العالم-أفريقيا,زامبيا,الكونغو برازافيل,4,2,18:00,11/17/2023
تصفيات كأس العالم-أفريقيا,ليبيريا,مالاوي,0,1,18:00,11/17/2023
تصفيات كأس العالم-أفريقيا,غانـــا,مدغشقر,1,0,18:00,11/17/2023
تصفيات كأس العالم-أفريقيا,الكاميرون,موريشيوس,3,0,21:00,11/17/2023
تصفيات كأس العالم-أفريقيا,كوت ديفوار,سيشيل,9,0,21:00,11/17/2023
تصفيات كأس العالم-أفريقيا,تونس,ساو تومي وبرينسيبي,4,0,21:00,11/17/2023
تصفيات كأس العالم-أفريقيا,مالي,تشاد,3,1,21:00,11/17/2023
تصفيات كأس العالم-أفريقيا,بوركينا فاسو,غينيا بيساو,1,1,21:00,11/17/2023
تصفيات كأس العالم - أمريكا الجنوبية,الأرجنتين,أوروجواي,0,2,02:00,11/17/2023
تصفيات كأس العالم - أمريكا الجنوبية,كولومبيا,البرازيل,2,1,02:00,11/17/2023
تصفيات كأس العالم - أمريكا الجنوبية,تشيلي,باراجواي,0,0,02:30,11/17/2023
تصفيات كأس العالم-أفريقيا,جنوب أفريقيا,بنين,2,1,15:00,11/18/2023
تصفيات كأس العالم-أفريقيا,النيجر,تنزانيا,0,1,18:00,11/18/2023
تصفيات كأس العالم-أفريقيا,السنغال,جنوب السودان,4,0,21:00,11/18/2023
مباريات ودية - منتخبات,ألمانيا,تركيا,2,3,21:45,11/18/2023
دوري القسم الثاني-أ,بتروجت,السكة الحديد,1,1,14:30,11/19/2023
تصفيات كأس العالم-أفريقيا,زيمبابوي,نيجيريا,1,1,15:00,11/19/2023
تصفيات كأس العالم-أفريقيا,بوروندي,الجابون,1,2,15:00,11/19/2023
تصفيات كأس العالم-أفريقيا,موزمبيق,الجزائر,0,2,15:00,11/19/2023
تصفيات كأس العالم-أفريقيا,سيراليون,مصر,0,2,18:00,11/19/2023
تصفيات كأس العالم-أفريقيا,السودان,الكونغو الديمقراطية,1,0,18:00,11/19/2023
دوري القسم الثاني-أ,بروكسي,النصر للتعدين,2,1,14:30,11/20/2023
دوري القسم الثاني-أ,حرس الحدود,مصر المقاصة,6,2,14:30,11/20/2023
دوري القسم الثاني-أ,أسوان,أبو قير للاسمدة,0,0,14:30,11/20/2023
دوري القسم الثاني-أ,غزل المحلة,لافيينا أف سي,2,1,17:00,11/20/2023
تصفيات كأس العالم-أفريقيا,جيبوتي,غينيا بيساو,0,1,15:00,11/20/2023
تصفيات كأس العالم-أفريقيا,جامبيا,كوت ديفوار,0,2,18:00,11/20/2023
تصفيات كأس العالم-أفريقيا,ليبيريا,غينيا الاستوائية,3,0,18:00,11/20/2023
تصفيات كأس العالم-أفريقيا,سيشيل,كينيا,0,5,21:00,11/20/2023
تصفيات كأس العالم-أفريقيا,تشاد,مدغشقر,0,3,21:00,11/20/2023
تصفيات كأس العالم-أفريقيا,مالي,أفريقيا الوسطى,1,1,21:00,11/20/2023
دوري القسم الثاني-أ,المصرية للاتصالات,بترول أسيوط,2,3,14:30,11/21/2023
دوري القسم الثاني-أ,النجوم,وادي دجلة,1,2,14:30,11/21/2023
دوري القسم الثاني-أ,دكرنس,طنطا‏,1,1,14:30,11/21/2023
دوري القسم الثاني-أ,جمهورية شبين,راية الرياضي,1,2,14:30,11/21/2023
دوري القسم الثاني-أ,مكادي,القناة,2,1,17:00,11/21/2023
تصفيات كأس العالم-أفريقيا,ليسوتو,بنين,0,0,15:00,11/21/2023
تصفيات كأس العالم-أفريقيا,رواندا,جنوب أفريقيا,2,0,15:00,11/21/2023
تصفيات كأس العالم-أفريقيا,الصومال,أوغندا,0,1,15:00,11/21/2023
تصفيات كأس العالم-أفريقيا,بوتسوانا,غينيا,1,0,15:00,11/21/2023
تصفيات كأس العالم-أفريقيا,مالاوي,تونس,0,1,15:00,11/21/2023
تصفيات كأس العالم-أفريقيا,إثيوبيا,بوركينا فاسو,0,3,15:00,11/21/2023
تصفيات كأس العالم-أفريقيا,إيسواتيني,كاب فيردي,0,2,16:45,11/21/2023
تصفيات كأس العالم-أفريقيا,موريشيوس,أنجـــــولا,0,0,18:00,11/21/2023
تصفيات كأس العالم-أفريقيا,جنوب السودان,موريتانيا,0,0,18:00,11/21/2023
تصفيات كأس العالم-أفريقيا,توجـــو,السنغال,0,0,18:00,11/21/2023
تصفيات كأس العالم-أفريقيا,ليبيا,الكاميرون,1,1,18:00,11/21/2023
تصفيات كأس العالم-أفريقيا,ساو تومي وبرينسيبي,ناميبيا,0,2,18:00,11/21/2023
تصفيات كأس العالم-أفريقيا,جزر القمر,غانـــا,1,0,18:00,11/21/2023
تصفيات كأس العالم-أفريقيا,تنزانيا,المغرب,0,2,21:00,11/21/2023
تصفيات كأس العالم-أفريقيا,النيجر,زامبيا,2,1,21:00,11/21/2023
مباريات ودية - منتخبات,بولندا,لاتفيا,2,0,21:45,11/21/2023
مباريات ودية - منتخبات,النمسا,ألمانيا,2,0,21:45,11/21/2023
تصفيات كأس العالم - أمريكا الجنوبية,باراجواي,كولومبيا,0,1,01:00,11/22/2023
تصفيات كأس العالم - أمريكا الجنوبية,إكوادور,تشيلي,1,0,01:30,11/22/2023
تصفيات كأس العالم - أمريكا الجنوبية,أوروجواي,بوليفيا,3,0,01:30,11/22/2023
تصفيات كأس العالم - أمريكا الجنوبية,البرازيل,الأرجنتين,0,1,02:30,11/22/2023
تصفيات كأس العالم - أمريكا الجنوبية,بيرو,فنزويلا,1,1,04:00,11/22/2023
دوري القسم الثاني-أ,النصر للتعدين,بتروجت,1,2,14:30,11/27/2023
دوري القسم الثاني-أ,أبو قير للاسمدة,بروكسي,1,1,14:30,11/28/2023
دوري القسم الثاني-أ,لافيينا أف سي,المصرية للاتصالات,1,0,14:30,11/28/2023
دوري القسم الثاني-أ,السكة الحديد,النجوم,4,0,14:30,11/29/2023
دوري القسم الثاني-أ,القناة,أسوان,1,1,14:30,11/29/2023
دوري القسم الثاني-أ,بترول أسيوط,مكادي,1,0,14:30,11/29/2023
دوري القسم الثاني-أ,مصر المقاصة,غزل المحلة,1,2,14:30,11/29/2023
دوري القسم الثاني-أ,طنطا‏,جمهورية شبين,1,0,14:30,11/29/2023
دوري القسم الثاني-أ,راية الرياضي,حرس الحدود,0,0,17:00,11/29/2023
دوري القسم الثاني-أ,وادي دجلة,دكرنس,3,1,14:30,11/30/2023
دوري القسم الثاني-أ,حرس الحدود,طنطا‏,3,1,14:30,12/04/2023
دوري القسم الثاني-أ,النجوم,النصر للتعدين,2,1,14:30,12/04/2023
دوري القسم الثاني-أ,المصرية للاتصالات,مصر المقاصة,2,1,14:30,12/04/2023
دوري القسم الثاني-أ,مكادي,لافيينا أف سي,0,1,14:30,12/04/2023
دوري القسم الثاني-أ,أسوان,بترول أسيوط,0,0,14:30,12/04/2023
دوري القسم الثاني-أ,بتروجت,بروكسي,3,0,14:30,12/04/2023
دوري القسم الثاني-أ,غزل المحلة,راية الرياضي,0,0,17:00,12/04/2023
دوري القسم الثاني-أ,دكرنس,السكة الحديد,0,1,14:30,12/05/2023
دوري القسم الثاني-أ,جمهورية شبين,وادي دجلة,0,0,14:30,12/05/2023
دوري القسم الثاني-أ,القناة,أبو قير للاسمدة,0,0,14:30,12/05/2023
دوري القسم الثاني-أ,النصر للتعدين,دكرنس,0,1,14:30,12/14/2023
دوري القسم الثاني-أ,بترول أسيوط,القناة,0,2,14:30,12/14/2023
دوري القسم الثاني-أ,السكة الحديد,جمهورية شبين,0,0,14:30,12/14/2023
دوري القسم الثاني-أ,راية الرياضي,المصرية للاتصالات,2,1,14:30,12/14/2023
دوري القسم الثاني-أ,بروكسي,النجوم,2,1,14:30,12/14/2023
دوري القسم الثاني-أ,أبو قير للاسمدة,بتروجت,1,3,14:30,12/14/2023
دوري القسم الثاني-أ,لافيينا أف سي,أسوان,2,2,14:30,12/14/2023
دوري القسم الثاني-أ,طنطا‏,غزل المحلة,0,0,14:30,12/15/2023
دوري القسم الثاني-أ,مصر المقاصة,مكادي,2,1,14:30,12/15/2023
دوري القسم الثاني-أ,وادي دجلة,حرس الحدود,1,2,14:30,12/16/2023
دوري القسم الثاني-أ,جمهورية شبين,النصر للتعدين,3,2,14:30,12/18/2023
دوري القسم الثاني-أ,القناة,لافيينا أف سي,2,1,14:30,12/18/2023
دوري القسم الثاني-أ,بترول أسيوط,أبو قير للاسمدة,2,1,14:30,12/18/2023
دوري القسم الثاني-أ,المصرية للاتصالات,طنطا‏,1,0,14:00,12/19/2023
دوري القسم الثاني-أ,النجوم,بتروجت,0,1,14:30,12/19/2023
دوري القسم الثاني-أ,دكرنس,بروكسي,0,0,14:30,12/19/2023
دوري القسم الثاني-أ,حرس الحدود,السكة الحديد,0,0,14:30,12/20/2023
دوري القسم الثاني-أ,مكادي,راية الرياضي,1,2,14:30,12/20/2023
دوري القسم الثاني-أ,أسوان,مصر المقاصة,4,1,14:30,12/20/2023
دوري القسم الثاني-أ,غزل المحلة,وادي دجلة,0,0,17:00,12/20/2023
دوري القسم الثاني-أ,النصر للتعدين,حرس الحدود,1,2,14:30,12/25/2023
دوري القسم الثاني-أ,السكة الحديد,غزل المحلة,1,1,14:30,12/27/2023
دوري القسم الثاني-أ,طنطا‏,مكادي,2,1,14:30,12/27/2023
دوري القسم الثاني-أ,وادي دجلة,المصرية للاتصالات,1,0,14:30,12/27/2023
دوري القسم الثاني-أ,بروكسي,جمهورية شبين,3,0,14:30,12/27/2023
دوري القسم الثاني-أ,بتروجت,دكرنس,3,0,14:30,12/27/2023
دوري القسم الثاني-أ,لافيينا أف سي,بترول أسيوط,1,1,14:30,12/27/2023
دوري القسم الثاني-أ,راية الرياضي,أسوان,0,0,14:30,12/28/2023
دوري القسم الثاني-أ,مصر المقاصة,القناة,0,1,14:30,12/28/2023
دوري القسم الثاني-أ,أبو قير للاسمدة,النجوم,0,2,14:30,12/28/2023
